neighborhood,viz_name,x2010_pop,x2010_pop_hisp,x2010_pop_white_non_hisp,x2010_pop_black_non_hisp,x2010_pop_aian_non_hisp,x2010_pop_asian_non_hisp,x2010_pop_nhpi_non_hisp,x2010_pop_other_non_hisp,x2010_pop_two_plus_non_hisp,x2020_pop,x2020_pop_hisp,x2020_pop_white_non_hisp,x2020_pop_black_non_hisp,x2020_pop_aian_non_hisp,x2020_pop_asian_non_hisp,x2020_pop_nhpi_non_hisp,x2020_pop_other_non_hisp,x2020_pop_two_plus_non_hisp,county,change_pop,change_pop_hisp,change_pop_white_non_hisp,change_pop_black_non_hisp,change_pop_aian_non_hisp,change_pop_asian_non_hisp,change_pop_nhpi_non_hisp,change_pop_other_non_hisp,change_pop_two_plus_non_hisp,pct_change_x2020_pop,pct_change_x2020_pop_hisp,pct_change_x2020_pop_white_non_hisp,pct_change_x2020_pop_black_non_hisp,pct_change_x2020_pop_aian_non_hisp,pct_change_x2020_pop_asian_non_hisp,pct_change_x2020_pop_nhpi_non_hisp,pct_change_x2020_pop_other_non_hisp,pct_change_x2020_pop_two_plus_non_hisp,x2010_pop_white_non_hisp_share,x2010_pop_black_non_hisp_share,x2010_pop_hisp_share,x2020_pop_white_non_hisp_share,x2020_pop_black_non_hisp_share,x2020_pop_hisp_share,x2020_majority_neighborhood_type,x2010_majority_neighborhood_type,majority_changed,color_pct_change_x2020_pop,color_pct_change_x2020_pop_hisp,color_pct_change_x2020_pop_white_non_hisp,color_pct_change_x2020_pop_black_non_hisp,color_pct_change_x2020_pop_aian_non_hisp,color_pct_change_x2020_pop_asian_non_hisp,color_pct_change_x2020_pop_nhpi_non_hisp,color_pct_change_x2020_pop_other_non_hisp,color_pct_change_x2020_pop_two_plus_non_hisp,viz_x2020_pop_white_non_hisp,viz_x2020_pop_black_non_hisp,viz_x2020_pop_hisp,viz_x2020_pop
abell,Abell,1105,43,743,190,2,90,1,5,31,1058,66,661,154,1,108,0,4,65,Baltimore City,-46,22,-82,-36,-1,18,-1,-1,34,-4.2,51.3,-11.1,-19,-49.9,20.1,-98.3,-20.7,110.7,67,17,4,62,15,6,Majority White,Majortiy White,Yes,red,green,red,red,red,green,red,red,green,661,154,66,"1,058"
allendale,Allendale,4036,26,20,3946,9,5,0,0,30,3416,40,42,3256,10,7,1,5,56,Baltimore City,-620,13,22,-690,1,2,1,5,26,-15.4,50.7,108.7,-17.5,9.8,33.8,100457.3,33566.5,87.9,0,98,1,1,95,1,Majority Black,Majority Black,No,red,green,green,red,green,green,green,green,green,42,"3,256",40,"3,416"
arcadia,Arcadia,1062,26,472,512,3,12,0,2,35,981,46,412,450,1,15,0,4,53,Baltimore City,-81,20,-60,-63,-2,4,0,2,18,-7.6,76.4,-12.7,-12.3,-51.3,30.5,21658,78.7,52.1,44,48,2,42,46,5,Majority Minority,Majority Minority,No,red,green,red,red,red,green,green,green,green,412,450,46,981
arlington,Arlington,2485,17,60,2354,3,8,0,3,39,2084,46,66,1885,5,22,1,1,58,Baltimore City,-401,29,5,-469,3,14,1,-2,18,-16.1,168.2,8.8,-19.9,102.3,174.2,Inf,-53.1,46.6,2,95,1,3,90,2,Majority Black,Majority Black,No,red,green,green,red,green,green,green,red,green,66,"1,885",46,"2,084"
armistead gardens,Armistead Gardens,2638,642,1768,142,18,10,3,1,54,2937,1440,1118,213,7,30,0,19,109,Baltimore City,299,799,-650,71,-11,20,-3,18,55,11.3,124.4,-36.8,49.8,-58.5,200.2,-91.9,2000.9,101.9,67,5,24,38,7,49,Majority Minority,Majortiy White,Yes,green,green,red,green,red,green,red,green,green,"1,118",213,"1,440","2,937"
ashburton,Ashburton,3528,42,35,3398,5,9,1,7,30,3118,79,48,2856,13,16,3,10,93,Baltimore City,-410,37,12,-541,8,7,2,3,63,-11.6,86.1,35,-15.9,149.8,76.6,150.3,38.7,208.6,1,96,1,2,92,3,Majority Black,Majority Black,No,red,green,green,red,green,green,green,green,green,48,"2,856",79,"3,118"
baltimore highlands,Baltimore Highlands,1354,514,525,246,14,25,2,0,30,1502,895,373,162,7,25,0,6,34,Baltimore City,148,382,-151,-84,-7,0,-2,5,4,10.9,74.4,-28.9,-34,-51.6,0.6,-100,3297.5,14.8,39,18,38,25,11,60,Majority Hispanic,Majority Minority,Yes,green,green,red,red,red,green,red,green,green,373,162,895,"1,502"
barclay,Barclay,2065,84,403,1503,8,27,1,2,38,2706,197,696,1626,5,51,1,11,119,Baltimore City,641,113,293,123,-3,24,-0,9,81,31,135.6,72.8,8.2,-34.5,90.4,-40,499.8,211.1,20,73,4,26,60,7,Majority Black,Majority Black,No,green,green,green,green,red,green,red,green,green,696,"1,626",197,"2,706"
barre circle,Barre Circle,160,5,56,91,1,4,0,1,4,157,11,46,85,1,7,0,1,7,Baltimore City,-3,7,-10,-6,0,2,-0,1,3,-2,137.4,-18,-6.4,14,51,-3,120.3,78.9,35,57,3,29,54,7,Majority Black,Majority Black,No,red,green,red,red,green,green,red,green,green,46,85,11,157
bayview,Bayview,366,92,226,25,1,13,0,1,8,445,230,147,41,1,12,0,3,11,Baltimore City,79,139,-78,16,-0,-1,-0,1,3,21.5,151.2,-34.7,62,-12.5,-8.7,-100,94.7,39.4,62,7,25,33,9,52,Majority Hispanic,Majortiy White,Yes,green,green,red,green,red,red,red,green,green,147,41,230,445
beechfield,Beechfield,3690,81,348,3170,7,30,0,0,53,3932,154,422,3138,0,91,0,25,102,Baltimore City,241,73,73,-32,-7,61,-0,25,48,6.5,89.6,21.1,-1,-97.3,200.1,-52.6,23059.3,90.4,9,86,2,11,80,4,Majority Black,Majority Black,No,green,green,green,red,red,green,red,green,green,422,"3,138",154,"3,932"
belair-edison,Belair-Edison,13240,147,978,11828,24,105,0,11,145,11656,244,562,10432,26,44,3,45,299,Baltimore City,-1584,97,-416,-1395,2,-62,3,33,154,-12,65.6,-42.5,-11.8,8.4,-58.6,1418.9,290.6,106,7,89,1,5,90,2,Majority Black,Majority Black,No,red,green,red,red,green,red,green,green,green,562,"10,432",244,"11,656"
belair-parkside,Belair-Parkside,150,3,64,75,0,2,0,0,5,140,7,57,66,0,2,0,0,7,Baltimore City,-10,3,-7,-9,-0,1,0,0,2,-6.6,92,-11,-11.9,-50.2,33.5,0,68.7,43.9,43,50,2,41,47,5,Majority Minority,Majority Black,Yes,red,green,red,red,red,green,red,green,green,57,66,7,140
bellona-gittings,Bellona-Gittings,713,18,580,74,2,24,0,2,14,715,32,541,80,1,26,0,4,32,Baltimore City,2,14,-40,6,-1,2,0,2,18,0.3,77.4,-6.8,8.7,-50,7.2,NA,133.3,132.8,81,10,3,76,11,4,Majority White,Majortiy White,Yes,green,green,red,green,red,green,NA,green,green,541,80,32,715
belvedere,Belvedere,1065,17,115,904,4,7,0,1,17,982,18,105,806,1,11,0,3,39,Baltimore City,-83,1,-9,-98,-3,4,-0,2,22,-7.8,5.1,-8.3,-10.9,-84.2,56.2,-50,116.7,133.8,11,85,2,11,82,2,Majority Black,Majority Black,No,red,green,red,red,red,green,red,green,green,105,806,18,982
berea,Berea,3664,40,27,3543,8,10,0,3,34,2963,133,69,2650,10,6,1,12,82,Baltimore City,-701,92,42,-893,3,-4,1,9,48,-19.1,228.7,158.5,-25.2,35.7,-39.7,361845.1,314.5,140.9,1,97,1,2,89,4,Majority Black,Majority Black,No,red,green,green,red,green,red,green,green,green,69,"2,650",133,"2,963"
better waverly,Better Waverly,2644,66,251,2257,11,16,0,2,42,2397,174,273,1799,7,43,0,17,84,Baltimore City,-247,108,22,-459,-4,27,0,15,43,-9.3,164.7,8.9,-20.3,-33.7,169.5,4442.5,783,102.2,9,85,2,11,75,7,Majority Black,Majority Black,No,red,green,green,red,red,green,green,green,green,273,"1,799",174,"2,397"
beverly hills,Beverly Hills,524,15,255,230,2,5,0,1,14,465,21,208,200,1,5,0,3,27,Baltimore City,-59,5,-47,-30,-1,-0,0,1,13,-11.3,32.8,-18.5,-13,-53.7,-7.5,847252,105.1,88.2,49,44,3,45,43,4,Majority Minority,Majority Minority,No,red,green,red,red,red,red,green,green,green,208,200,21,465
biddle street,Biddle Street,2075,27,21,2000,4,5,0,1,17,1660,82,39,1481,7,4,0,5,43,Baltimore City,-414,55,19,-519,2,-1,-0,5,25,-20,206.7,91.1,-25.9,46.2,-27.4,-100,878.1,144.7,1,96,1,2,89,5,Majority Black,Majority Black,No,red,green,green,red,green,red,red,green,green,39,"1,481",82,"1,660"
blythewood,Blythewood,722,32,589,61,1,22,0,0,16,647,57,318,59,0,178,0,1,33,Baltimore City,-76,26,-271,-3,-1,156,0,1,17,-10.5,81,-46,-4.1,-99.9,697,Inf,168.2,103.2,82,9,4,49,9,9,Majority Minority,Majortiy White,Yes,red,green,red,red,red,green,green,green,green,318,59,57,647
bolton hill,Bolton Hill,5119,166,2724,1692,9,362,2,18,146,5154,315,2376,1578,4,598,0,35,248,Baltimore City,35,149,-349,-114,-4,236,-2,17,102,0.7,89.8,-12.8,-6.7,-50.7,65.3,-94.2,91,69.5,53,33,3,46,31,6,Majority Minority,Majortiy White,Yes,green,green,red,red,red,green,red,green,green,"2,376","1,578",315,"5,154"
boyd-booth,Boyd-Booth,611,12,108,465,1,11,0,1,12,373,17,45,286,2,3,0,3,18,Baltimore City,-238,5,-63,-179,0,-8,-0,2,6,-38.9,37.5,-58.4,-38.4,36.3,-72.5,-99.5,200.8,45.5,18,76,2,12,77,4,Majority Black,Majority Black,No,red,green,red,red,green,red,red,green,green,45,286,17,373
brewers hill,Brewers Hill,1107,111,887,44,12,34,0,2,16,1561,135,1166,82,6,101,0,5,67,Baltimore City,454,23,279,38,-6,67,-0,3,50,41,21,31.5,85.4,-51.7,196.7,-99.6,200.6,310,80,4,10,75,5,9,Majority White,Majortiy White,Yes,green,green,green,green,red,green,red,green,green,"1,166",82,135,"1,561"
bridgeview/greenlawn,Bridgeview/Greenlawn,3273,25,18,3174,6,6,0,5,40,2661,55,24,2511,5,6,1,9,51,Baltimore City,-613,29,6,-663,-1,0,1,4,11,-18.7,117.4,30.7,-20.9,-16.9,7.4,1617.2,92.5,26.8,1,97,1,1,94,2,Majority Black,Majority Black,No,red,green,green,red,red,green,green,green,green,24,"2,511",55,"2,661"
broadway east,Broadway East,4439,40,81,4240,10,10,1,1,56,3315,116,75,3000,6,22,0,8,89,Baltimore City,-1123,76,-7,-1240,-4,12,-1,7,33,-25.3,191.3,-8.1,-29.2,-41.3,112.9,-64.3,612.4,58.4,2,96,1,2,90,4,Majority Black,Majority Black,No,red,green,red,red,red,green,red,green,green,75,"3,000",116,"3,315"
broening manor,Broening Manor,213,44,116,40,3,4,0,0,5,227,98,75,41,1,3,0,1,8,Baltimore City,14,54,-41,1,-2,-1,-0,1,3,6.5,122.2,-35.5,3,-56,-33.2,-93.8,195.4,54.6,55,19,21,33,18,43,Majority Minority,Majortiy White,Yes,green,green,red,green,red,red,red,green,green,75,41,98,227
brooklyn,Brooklyn,8458,978,3798,3179,37,126,2,16,321,8035,2355,2216,2827,33,138,1,43,421,Baltimore City,-423,1376,-1582,-352,-4,12,-1,27,101,-5,140.6,-41.6,-11.1,-10.7,9.8,-44.1,164.5,31.3,45,38,12,28,35,29,Majority Minority,Majority Minority,No,red,green,red,red,red,green,red,green,green,"2,216","2,827","2,355","8,035"
burleith-leighton,Burleith-Leighton,347,1,3,334,1,0,0,2,6,330,7,7,304,0,2,1,1,9,Baltimore City,-17,6,4,-30,-1,2,1,-2,3,-5,412.4,115,-9,-99.9,358,164200.6,-69.7,57.6,1,96,0,2,92,2,Majority Black,Majority Black,No,red,green,green,red,red,green,green,red,green,7,304,7,330
butcher's hill,Butcher's Hill,1799,207,1060,429,14,52,1,3,33,1953,257,1093,379,5,112,0,13,93,Baltimore City,154,51,33,-50,-9,60,-1,9,61,8.6,24.6,3.1,-11.6,-62.2,113.9,-100,289.4,186.2,59,24,11,56,19,13,Majority White,Majortiy White,Yes,green,green,green,red,red,green,red,green,green,"1,093",379,257,"1,953"
callaway-garrison,Callaway-Garrison,1813,18,25,1742,5,5,0,3,15,1607,45,39,1459,6,9,1,5,42,Baltimore City,-206,27,14,-283,2,4,0,2,26,-11.4,152.6,56.1,-16.2,36.3,92.5,150.1,74.9,173.7,1,96,1,2,91,3,Majority Black,Majority Black,No,red,green,green,red,green,green,green,green,green,39,"1,459",45,"1,607"
cameron village,Cameron Village,1068,17,114,908,4,7,0,1,17,985,18,105,809,1,11,0,3,39,Baltimore City,-83,1,-9,-99,-3,4,-0,2,22,-7.8,5.3,-8.2,-10.9,-84,55.9,-50,118.4,133.6,11,85,2,11,82,2,Majority Black,Majority Black,No,red,green,red,red,red,green,red,green,green,105,809,18,985
canton,Canton,9923,636,8302,456,35,318,7,16,154,10487,796,8246,459,30,489,1,47,420,Baltimore City,564,160,-56,3,-5,172,-6,31,265,5.7,25.2,-0.7,0.7,-14.7,54,-87.6,196.7,171.7,84,5,6,79,4,8,Majority White,Majortiy White,Yes,green,green,red,green,red,green,red,green,green,"8,246",459,796,"10,487"
canton industrial area,Canton Industrial Area,4511,1058,2625,584,54,88,4,8,89,5434,2045,2336,655,25,160,1,27,187,Baltimore City,923,987,-289,71,-30,72,-4,19,98,20.5,93.2,-11,12.1,-54.7,81.9,-88.3,246.9,109.5,58,13,23,43,12,38,Majority Minority,Majortiy White,Yes,green,green,red,green,red,green,red,green,green,"2,336",655,"2,045","5,434"
care,Care,1125,97,272,700,10,30,1,1,14,1320,188,365,612,6,87,0,12,50,Baltimore City,195,91,94,-88,-4,58,-1,11,36,17.3,94.4,34.5,-12.6,-44.1,193.9,-100,1081.8,250.9,24,62,9,28,46,14,Majority Minority,Majority Black,Yes,green,green,green,red,red,green,red,green,green,365,612,188,"1,320"
carroll - camden industrial area,Carroll - Camden Industrial Area,2746,93,1048,1393,10,123,1,10,69,2577,164,760,1359,9,137,1,18,128,Baltimore City,-170,71,-287,-34,-1,14,1,9,59,-6.2,75.9,-27.4,-2.5,-12.1,11.4,99.9,92,86,38,51,3,30,53,6,Majority Black,Majority Black,No,red,green,red,red,red,green,green,green,green,760,"1,359",164,"2,577"
carroll park,Carroll Park,1272,49,499,599,4,85,0,4,32,1119,62,315,583,1,86,0,8,64,Baltimore City,-153,12,-184,-16,-3,1,-0,4,32,-12.1,25,-36.9,-2.6,-80.6,1.7,-100,110.4,101,39,47,4,28,52,6,Majority Black,Majority Minority,Yes,red,green,red,red,red,green,red,green,green,315,583,62,"1,119"
carroll-south hilton,Carroll-South Hilton,1921,43,486,1345,4,13,0,2,27,1638,122,317,1076,6,28,0,9,79,Baltimore City,-283,79,-170,-269,3,15,0,7,52,-14.7,184.3,-34.9,-20,74.4,114.8,53.5,330.6,190.4,25,70,2,19,66,7,Majority Black,Majority Black,No,red,green,red,red,green,green,green,green,green,317,"1,076",122,"1,638"
carrollton ridge,Carrollton Ridge,3567,147,1047,2187,14,77,1,5,89,2382,203,460,1539,10,38,0,12,120,Baltimore City,-1185,55,-587,-648,-4,-39,-0,7,31,-33.2,37.6,-56.1,-29.6,-28.4,-51.1,-50.7,158.8,34.9,29,61,4,19,65,9,Majority Black,Majority Black,No,red,green,red,red,red,red,red,green,green,460,"1,539",203,"2,382"
cedarcroft,Cedarcroft,588,16,474,64,1,20,0,1,11,589,27,442,70,1,21,0,3,26,Baltimore City,1,11,-33,5,-1,1,-0,2,15,0.2,72.2,-6.9,7.9,-49.2,7.1,-33.3,129.3,131.1,81,11,3,75,12,5,Majority White,Majortiy White,Yes,green,green,red,green,red,green,red,green,green,442,70,27,589
cedmont,Cedmont,2813,80,923,1718,9,35,0,5,44,2759,118,596,1911,4,24,1,8,97,Baltimore City,-54,38,-327,193,-5,-11,1,3,54,-1.9,48.1,-35.4,11.2,-60,-31.7,1746319.3,62.5,123,33,61,3,22,69,4,Majority Black,Majority Black,No,red,green,red,green,red,red,green,green,green,596,"1,911",118,"2,759"
cedonia,Cedonia,1453,29,156,1228,2,9,0,4,25,1438,29,95,1248,5,8,0,11,41,Baltimore City,-15,0,-61,20,3,-1,0,7,17,-1.1,1.4,-38.9,1.6,118.6,-14.7,14352,163,66.6,11,85,2,7,87,2,Majority Black,Majority Black,No,red,green,red,green,green,red,green,green,green,95,"1,248",29,"1,438"
central forest park,Central Forest Park,1067,11,24,1014,3,3,0,1,11,923,29,29,827,3,6,0,8,22,Baltimore City,-144,17,5,-187,0,2,0,7,11,-13.5,148.4,20.7,-18.5,7.3,63.4,Inf,799.2,105.4,2,95,1,3,90,3,Majority Black,Majority Black,No,red,green,green,red,green,green,green,green,green,29,827,29,923
central park heights,Central Park Heights,5626,62,108,5361,17,9,0,5,65,4406,110,124,4031,10,12,1,16,100,Baltimore City,-1220,48,17,-1329,-7,3,1,12,35,-21.7,78.5,15.5,-24.8,-38.9,32,569.1,258.2,53.1,2,95,1,3,91,2,Majority Black,Majority Black,No,red,green,green,red,red,green,green,green,green,124,"4,031",110,"4,406"
charles north,Charles North,1576,62,479,912,6,79,1,1,36,1684,129,583,784,3,100,2,8,75,Baltimore City,108,67,105,-128,-3,21,2,6,38,6.8,107.7,21.9,-14.1,-48.2,27,319.4,438.9,104.9,30,58,4,35,47,8,Majority Minority,Majority Black,Yes,green,green,green,red,red,green,green,green,green,583,784,129,"1,684"
charles village,Charles Village,4676,234,1989,1599,15,695,4,9,132,4644,451,1739,1322,8,849,5,29,240,Baltimore City,-32,217,-250,-277,-7,155,1,20,108,-0.7,92.9,-12.6,-17.3,-49.5,22.3,34.3,232.1,82,43,34,5,37,28,10,Majority Minority,Majority Minority,No,red,green,red,red,red,green,green,green,green,"1,739","1,322",451,"4,644"
cherry hill,Cherry Hill,8589,467,518,7406,16,68,1,8,104,8236,1101,390,6350,12,84,1,30,267,Baltimore City,-353,635,-128,-1056,-3,16,-0,22,163,-4.1,136.1,-24.7,-14.3,-21.3,24,-29.3,256.5,156.6,6,86,5,5,77,13,Majority Black,Majority Black,No,red,green,red,red,red,green,red,green,green,390,"6,350","1,101","8,236"
cheswolde,Cheswolde,6991,156,5089,1338,8,292,2,13,93,7147,218,4724,1686,5,180,0,122,213,Baltimore City,156,62,-365,348,-3,-112,-2,109,120,2.2,39.7,-7.2,26,-36.2,-38.4,-100,862.2,129,73,19,2,66,24,3,Majority White,Majortiy White,Yes,green,green,red,green,red,red,red,green,green,"4,724","1,686",218,"7,147"
chinquapin park,Chinquapin Park,1179,19,127,1001,5,8,0,1,18,1087,20,117,892,1,12,0,3,43,Baltimore City,-92,1,-10,-109,-4,4,-0,2,25,-7.8,5,-8.3,-10.9,-84.2,56.1,-50,116.5,133.7,11,85,2,11,82,2,Majority Black,Majority Black,No,red,green,red,red,red,green,red,green,green,117,892,20,"1,087"
clifton park,Clifton Park,2487,44,534,1838,9,25,0,2,37,2113,53,428,1519,2,26,0,7,78,Baltimore City,-375,10,-106,-319,-7,1,0,5,41,-15.1,22,-19.9,-17.4,-77.6,2.6,Inf,329.9,113.6,21,74,2,20,72,3,Majority Black,Majority Black,No,red,green,red,red,red,green,green,green,green,428,"1,519",53,"2,113"
coldspring,Coldspring,1068,17,189,791,5,36,0,3,27,1182,36,238,783,3,54,0,5,63,Baltimore City,114,19,49,-8,-2,18,-0,2,36,10.6,107.4,26,-1,-38,48.9,-92.1,63.4,132.5,18,74,2,20,66,3,Majority Black,Majority Black,No,green,green,green,red,red,green,red,green,green,238,783,36,"1,182"
coldstream homestead montebello,Coldstream Homestead Montebello,7924,130,215,7407,17,44,0,9,102,6188,195,267,5420,13,38,1,36,218,Baltimore City,-1736,65,52,-1986,-4,-6,1,27,116,-21.9,49.7,24,-26.8,-24.8,-14.2,Inf,300.5,113.9,3,93,2,4,88,3,Majority Black,Majority Black,No,red,green,green,red,red,red,green,green,green,267,"5,420",195,"6,188"
concerned citizens of forest park,Concerned Citizens Of Forest Park,519,6,10,495,2,1,0,1,5,486,10,18,440,1,3,0,3,12,Baltimore City,-33,4,8,-55,-1,3,0,2,7,-6.3,69.2,80.5,-11.1,-51.5,311.6,Inf,403.1,132.7,2,95,1,4,90,2,Majority Black,Majority Black,No,red,green,green,red,red,green,green,green,green,18,440,10,486
coppin heights/ash-co-east,Coppin Heights/Ash-Co-East,2702,19,20,2622,4,10,2,0,25,1936,14,22,1855,4,6,0,3,32,Baltimore City,-765,-5,2,-766,0,-4,-2,3,7,-28.3,-27.8,9.5,-29.2,3.5,-39,-98.7,709.5,28.3,1,97,1,1,96,1,Majority Black,Majority Black,No,red,red,green,red,green,red,red,green,green,22,"1,855",14,"1,936"
cross country,Cross Country,5375,125,3961,1019,3,184,1,19,64,5446,248,3760,1112,1,62,0,91,171,Baltimore City,71,123,-201,93,-2,-122,-1,72,108,1.3,98.2,-5.1,9.1,-60.5,-66.4,-100,372.9,169.1,74,19,2,69,20,5,Majority White,Majortiy White,Yes,green,green,red,green,red,red,red,green,green,"3,760","1,112",248,"5,446"
cross keys,Cross Keys,834,15,694,83,0,25,1,4,13,860,41,662,87,1,43,0,3,24,Baltimore City,26,26,-32,4,1,18,-1,-1,11,3.1,176.6,-4.5,4.8,7179.6,69.9,-99.8,-23.5,85.2,83,10,2,77,10,5,Majority White,Majortiy White,Yes,green,green,red,green,green,green,red,red,green,662,87,41,860
curtis bay,Curtis Bay,842,54,437,290,6,17,0,1,38,792,115,304,301,2,10,1,6,54,Baltimore City,-50,61,-132,11,-4,-7,1,4,16,-6,114.1,-30.3,3.9,-69.4,-41.6,Inf,362.5,40.9,52,34,6,38,38,14,Majority Minority,Majortiy White,Yes,red,green,red,green,red,red,green,green,green,304,301,115,792
curtis bay industrial area,Curtis Bay Industrial Area,685,44,355,236,5,14,0,1,31,644,93,247,245,1,8,1,5,44,Baltimore City,-41,50,-108,9,-3,-6,1,4,13,-6,114.1,-30.3,3.9,-69.4,-41.6,Inf,362.5,40.9,52,34,6,38,38,14,Majority Minority,Majortiy White,Yes,red,green,red,green,red,red,green,green,green,247,245,93,644
cylburn,Cylburn,2264,24,78,2119,9,6,0,3,25,1842,54,75,1654,5,5,1,7,41,Baltimore City,-423,29,-3,-465,-4,-1,1,4,16,-18.7,121.7,-3.9,-21.9,-44.7,-15.4,Inf,150.4,64.3,3,94,1,4,90,3,Majority Black,Majority Black,No,red,green,red,red,red,red,green,green,green,75,"1,654",54,"1,842"
darley park,Darley Park,657,4,5,638,2,2,0,0,6,514,5,12,468,1,0,0,5,23,Baltimore City,-143,1,7,-170,-1,-2,0,5,17,-21.8,27.8,149.9,-26.6,-60,-99.9,Inf,261719.9,268.3,1,97,1,2,91,1,Majority Black,Majority Black,No,red,green,green,red,red,red,green,green,green,12,468,5,514
dickeyville,Dickeyville,692,13,56,608,2,3,0,3,7,622,24,70,493,1,8,0,3,22,Baltimore City,-70,11,15,-115,-1,5,0,1,14,-10.1,83.1,26.8,-18.9,-27.3,157.9,NA,20.1,197.6,8,88,2,11,79,4,Majority Black,Majority Black,No,red,green,green,red,red,green,NA,green,green,70,493,24,622
dolfield,Dolfield,1598,15,24,1534,4,4,0,2,13,1417,41,38,1284,5,8,0,4,35,Baltimore City,-181,26,14,-250,1,4,0,2,22,-11.3,176.9,60,-16.3,18.8,96.9,150,88.6,163.7,2,96,1,3,91,3,Majority Black,Majority Black,No,red,green,green,red,green,green,green,green,green,38,"1,284",41,"1,417"
dorchester,Dorchester,1683,14,30,1614,6,4,0,2,14,1496,46,49,1348,5,9,0,5,33,Baltimore City,-187,33,20,-266,-1,5,0,3,19,-11.1,240.9,66.5,-16.5,-12.2,106,Inf,138.6,137.9,2,96,1,3,90,3,Majority Black,Majority Black,No,red,green,green,red,red,green,green,green,green,49,"1,348",46,"1,496"
downtown,Downtown,3541,195,1609,902,8,713,3,14,97,5899,419,2159,1905,6,1036,0,39,333,Baltimore City,2358,224,551,1003,-2,323,-3,26,237,66.6,114.5,34.2,111.2,-22.6,45.3,-95.6,186.7,244.9,45,25,6,37,32,7,Majority Minority,Majority Minority,No,green,green,green,green,red,green,red,green,green,"2,159","1,905",419,"5,899"
downtown west,Downtown West,954,38,600,176,3,111,1,3,22,1347,85,711,302,1,171,0,9,67,Baltimore City,393,47,111,126,-1,60,-1,6,46,41.2,122.7,18.5,71.3,-54.8,54,-93.2,216.6,211.5,63,18,4,53,22,6,Majority White,Majortiy White,Yes,green,green,green,green,red,green,red,green,green,711,302,85,"1,347"
druid heights,Druid Heights,1409,20,59,1293,3,10,1,3,19,1234,17,65,1091,2,6,2,3,47,Baltimore City,-174,-3,6,-202,-1,-4,1,0,28,-12.4,-14.4,9.5,-15.7,-19.7,-36.9,99.7,1.9,146.1,4,92,1,5,88,1,Majority Black,Majority Black,No,red,red,green,red,red,red,green,green,green,65,"1,091",17,"1,234"
druid hill park,Druid Hill Park,1866,27,114,1675,2,6,0,3,40,1528,35,136,1291,5,8,0,5,48,Baltimore City,-338,9,22,-383,3,2,0,2,8,-18.1,32.6,19.3,-22.9,124.6,34.8,Inf,78.3,20.4,6,90,1,9,85,2,Majority Black,Majority Black,No,red,green,green,red,green,green,green,green,green,136,"1,291",35,"1,528"
dunbar-broadway,Dunbar-Broadway,1524,48,174,1219,4,55,1,3,19,1350,130,199,853,3,94,0,14,57,Baltimore City,-174,82,24,-366,-1,39,-1,11,38,-11.4,169.5,13.9,-30,-29.1,71.9,-99.2,433.6,199.4,11,80,3,15,63,10,Majority Black,Majority Black,No,red,green,green,red,red,green,red,green,green,199,853,130,"1,350"
dundalk marine terminal,Dundalk Marine Terminal,532,111,301,87,8,11,1,1,12,563,247,195,89,3,7,0,3,19,Baltimore City,32,136,-106,2,-4,-4,-1,2,7,5.9,122.4,-35.3,2,-57.4,-36.4,-100,210,53.2,57,16,21,35,16,44,Majority Minority,Majortiy White,Yes,green,green,red,green,red,red,red,green,green,195,89,247,563
east arlington,East Arlington,1303,16,13,1254,2,3,0,3,11,1149,29,18,1052,5,6,1,4,34,Baltimore City,-154,13,5,-202,3,3,1,1,23,-11.8,84.8,37.4,-16.1,145.5,75,150.8,40.1,205.1,1,96,1,2,92,3,Majority Black,Majority Black,No,red,green,green,red,green,green,green,green,green,18,"1,052",29,"1,149"
east baltimore midway,East Baltimore Midway,2900,13,34,2790,12,19,0,0,32,2230,63,72,2012,6,6,0,12,59,Baltimore City,-669,50,38,-778,-6,-13,-0,12,28,-23.1,384.7,109.2,-27.9,-47.1,-68.4,-100,135346.8,87.2,1,96,0,3,90,3,Majority Black,Majority Black,No,red,green,green,red,red,red,red,green,green,72,"2,012",63,"2,230"
easterwood,Easterwood,1271,10,9,1234,1,5,0,1,10,865,7,9,828,1,1,0,3,16,Baltimore City,-405,-3,-0,-407,0,-4,0,2,6,-31.9,-29.6,-3.4,-32.9,40.3,-77.6,7.5,198,61.1,1,97,1,1,96,1,Majority Black,Majority Black,No,red,red,red,red,green,red,green,green,green,9,828,7,865
eastwood,Eastwood,110,28,68,8,0,4,0,0,2,134,69,44,12,0,4,0,1,3,Baltimore City,24,42,-24,5,-0,-0,-0,0,1,21.5,151.2,-34.7,62,-12.5,-8.7,-100,94.7,39.4,62,7,25,33,9,52,Majority Hispanic,Majortiy White,Yes,green,green,red,green,red,red,red,green,green,44,12,69,134
edgewood,Edgewood,681,5,5,661,3,0,1,0,5,585,11,6,554,1,1,0,1,11,Baltimore City,-96,6,2,-107,-3,0,-1,1,6,-14.1,114.8,36.1,-16.2,-73,168.6,-99,211.6,107.3,1,97,1,1,95,2,Majority Black,Majority Black,No,red,green,green,red,red,green,red,green,green,6,554,11,585
edmondson village,Edmondson Village,3503,28,26,3384,4,2,0,0,57,3208,64,49,2979,8,2,2,6,97,Baltimore City,-294,37,23,-405,4,0,2,6,40,-8.4,133,85.1,-12,99,7.4,611.3,4482.6,69.1,1,97,1,2,93,2,Majority Black,Majority Black,No,red,green,green,red,green,green,green,green,green,49,"2,979",64,"3,208"
ednor gardens-lakeside,Ednor Gardens-Lakeside,5450,96,805,4350,17,79,2,9,94,4883,142,894,3555,8,70,1,16,196,Baltimore City,-567,46,90,-794,-9,-9,-1,8,102,-10.4,47.7,11.2,-18.3,-53,-11.6,-27.8,90.6,108.7,15,80,2,18,73,3,Majority Black,Majority Black,No,red,green,green,red,red,red,red,green,green,894,"3,555",142,"4,883"
ellwood park/monument,Ellwood Park/Monument,3287,718,658,1777,34,41,1,5,53,2909,985,612,1134,15,50,0,12,101,Baltimore City,-378,266,-46,-643,-18,10,-1,7,48,-11.5,37.1,-7,-36.2,-54.5,23.6,-67.6,132.4,88.8,20,54,22,21,39,34,Majority Minority,Majority Black,Yes,red,green,red,red,red,green,red,green,green,612,"1,134",985,"2,909"
evergreen,Evergreen,320,10,245,24,0,33,0,1,7,328,15,230,24,0,42,0,2,15,Baltimore City,8,5,-16,1,-0,9,0,2,8,2.4,45.1,-6.5,2.7,-100,26.3,Inf,312.6,117.6,77,7,3,70,7,4,Majority White,Majortiy White,Yes,green,green,red,green,red,green,green,green,green,230,24,15,328
evergreen lawn,Evergreen Lawn,563,4,3,546,1,1,0,1,8,484,11,4,457,1,1,0,1,9,Baltimore City,-79,6,1,-89,-0,0,0,1,1,-14.1,138.2,42.9,-16.3,-33.3,59.9,NA,83.4,19.3,0,97,1,1,94,2,Majority Black,Majority Black,No,red,green,green,red,red,green,NA,green,green,4,457,11,484
evesham park,Evesham Park,740,55,332,304,1,27,1,4,16,700,48,295,297,1,26,1,6,26,Baltimore City,-40,-7,-37,-7,-0,-0,-0,2,10,-5.4,-12.8,-11.1,-2.2,-0.7,-1,-33.3,40.2,60.9,45,41,7,42,42,7,Majority Minority,Majority Minority,No,red,red,red,red,red,red,red,green,green,295,297,48,700
fairfield area,Fairfield Area,864,98,472,233,4,20,0,2,35,815,207,296,236,4,21,0,5,46,Baltimore City,-49,109,-175,3,-1,1,0,4,11,-5.7,111.1,-37.2,1.2,-20.8,4.5,40170.4,227.8,31.9,55,27,11,36,29,25,Majority Minority,Majortiy White,Yes,red,green,red,green,red,green,green,green,green,296,236,207,815
fairmont,Fairmont,1268,14,17,1212,3,2,0,1,20,1114,15,31,1032,2,4,0,4,27,Baltimore City,-154,1,14,-180,-0,3,-0,3,7,-12.1,5.9,82.7,-14.9,-16.9,148.2,-100,496.2,35.2,1,96,1,3,93,1,Majority Black,Majority Black,No,red,green,green,red,red,green,red,green,green,31,"1,032",15,"1,114"
fallstaff,Fallstaff,4038,566,1337,1900,13,135,19,5,62,4001,869,1115,1797,8,48,0,68,97,Baltimore City,-36,303,-222,-103,-5,-88,-19,63,35,-0.9,53.5,-16.6,-5.4,-41.6,-64.7,-100,1146.7,57.4,33,47,14,28,45,22,Majority Minority,Majority Minority,No,red,green,red,red,red,red,red,green,green,"1,115","1,797",869,"4,001"
federal hill,Federal Hill,2581,82,2136,229,3,86,1,5,39,2878,144,2198,252,2,151,0,11,120,Baltimore City,297,62,62,22,-1,65,-1,6,81,11.5,74.9,2.9,9.7,-40.7,76.3,-85.6,140.5,207.7,83,9,3,76,9,5,Majority White,Majortiy White,Yes,green,green,green,green,red,green,red,green,green,"2,198",252,144,"2,878"
fells point,Fells Point,4142,423,2824,582,18,205,4,4,83,5367,535,3575,505,12,462,2,30,244,Baltimore City,1224,112,751,-77,-6,258,-1,26,161,29.6,26.5,26.6,-13.2,-34.3,126,-30.6,698.4,193.7,68,14,10,67,9,10,Majority White,Majortiy White,Yes,green,green,green,red,red,green,red,green,green,"3,575",505,535,"5,367"
forest park,Forest Park,1511,24,21,1439,3,1,0,2,20,1504,44,50,1349,4,4,0,18,35,Baltimore City,-7,20,29,-89,1,3,0,16,15,-0.4,81.9,136.1,-6.2,21.8,242.5,95988.5,644.5,71.7,1,95,2,3,90,3,Majority Black,Majority Black,No,red,green,green,red,green,green,green,green,green,50,"1,349",44,"1,504"
forest park golf course,Forest Park Golf Course,535,8,17,500,1,2,0,0,7,440,14,12,390,1,3,0,8,12,Baltimore City,-95,5,-4,-110,1,0,0,8,5,-17.7,61.7,-26.5,-22,97.8,14.9,Inf,6685.3,68.3,3,93,2,3,89,3,Majority Black,Majority Black,No,red,green,red,red,green,green,green,green,green,12,390,14,440
four by four,Four By Four,1250,12,27,1188,1,3,0,1,18,949,24,30,867,2,4,0,3,19,Baltimore City,-301,12,3,-322,0,2,0,2,1,-24.1,100.5,10.4,-27.1,49.8,77.9,Inf,248,3.2,2,95,1,3,91,3,Majority Black,Majority Black,No,red,green,green,red,green,green,green,green,green,30,867,24,949
frankford,Frankford,17598,346,2248,14266,51,337,3,16,333,16864,502,1380,14169,45,214,4,78,472,Baltimore City,-734,157,-867,-98,-6,-123,1,62,139,-4.2,45.3,-38.6,-0.7,-11.7,-36.5,56.6,385.6,41.9,13,81,2,8,84,3,Majority Black,Majority Black,No,red,green,red,red,red,red,green,green,green,"1,380","14,169",502,"16,864"
franklin square,Franklin Square,2476,98,138,2172,18,10,0,0,39,2054,117,111,1733,7,13,0,11,61,Baltimore City,-422,19,-28,-439,-11,3,0,11,22,-17,19.3,-20.1,-20.2,-61,35.9,162.5,3470.9,56.7,6,88,4,5,84,6,Majority Black,Majority Black,No,red,green,red,red,red,green,green,green,green,111,"1,733",117,"2,054"
franklintown,Franklintown,2016,38,162,1774,5,9,0,7,21,1813,69,203,1441,4,24,0,9,63,Baltimore City,-203,31,42,-332,-1,14,-0,2,42,-10.1,83.4,25.9,-18.7,-27.5,154.9,-100,21.7,196.3,8,88,2,11,79,4,Majority Black,Majority Black,No,red,green,green,red,red,green,red,green,green,203,"1,441",69,"1,813"
franklintown road,Franklintown Road,1926,24,12,1861,4,4,0,1,20,1426,24,16,1338,4,1,0,6,37,Baltimore City,-500,-0,4,-523,-0,-3,0,5,18,-26,-0,29.3,-28.1,-1.8,-79.5,67.9,701.8,88.6,1,97,1,1,94,2,Majority Black,Majority Black,No,red,red,green,red,red,red,green,green,green,16,"1,338",24,"1,426"
garwyn oaks,Garwyn Oaks,1319,22,18,1254,2,1,0,2,18,1321,39,45,1183,3,3,0,17,31,Baltimore City,2,17,26,-72,1,2,0,15,13,0.2,77.1,142.3,-5.7,25,266.7,Inf,671.4,70.7,1,95,2,3,90,3,Majority Black,Majority Black,No,green,green,green,red,green,green,green,green,green,45,"1,183",39,"1,321"
gay street,Gay Street,1390,9,16,1342,1,9,0,1,12,1623,34,107,1332,4,100,0,4,43,Baltimore City,234,24,91,-10,3,91,-0,3,31,16.8,265.5,577.1,-0.8,272.2,1045.6,-100,386,267.2,1,97,1,7,82,2,Majority Black,Majority Black,No,green,green,green,red,green,green,red,green,green,107,"1,332",34,"1,623"
glen,Glen,7088,160,3061,3677,11,57,5,25,92,7173,446,2949,3354,9,97,1,114,204,Baltimore City,85,286,-112,-322,-2,40,-5,89,111,1.2,178.2,-3.7,-8.8,-17.1,70.4,-90.2,355.5,120.7,43,52,2,41,47,6,Majority Minority,Majority Black,Yes,green,green,red,red,red,green,red,green,green,"2,949","3,354",446,"7,173"
glen oaks,Glen Oaks,3251,60,256,2844,5,29,2,2,54,3040,100,195,2615,5,23,1,13,88,Baltimore City,-211,40,-61,-229,0,-6,-1,11,34,-6.5,65.8,-23.8,-8,5.1,-20.5,-59,562.6,63.1,8,87,2,6,86,3,Majority Black,Majority Black,No,red,green,red,red,green,red,red,green,green,195,"2,615",100,"3,040"
glenham-belhar,Glenham-Belhar,6171,119,2141,3664,22,69,1,20,135,5728,175,1518,3706,22,66,5,31,206,Baltimore City,-443,56,-623,41,0,-3,4,11,71,-7.2,47.4,-29.1,1.1,0.4,-4.7,628.6,57.4,52.3,35,59,2,27,65,3,Majority Black,Majority Black,No,red,green,red,green,green,red,green,green,green,"1,518","3,706",175,"5,728"
graceland park,Graceland Park,869,193,457,169,5,23,0,3,19,1013,463,293,198,3,21,0,6,28,Baltimore City,144,270,-164,29,-2,-2,-0,3,9,16.6,139.4,-35.8,16.9,-32.3,-7.6,-48.6,108.1,50.8,53,19,22,29,20,46,Majority Minority,Majortiy White,Yes,green,green,red,green,red,red,red,green,green,293,198,463,"1,013"
greektown,Greektown,1302,424,716,106,8,25,0,2,21,1810,774,740,157,5,71,0,8,54,Baltimore City,507,350,24,51,-3,47,0,5,33,39,82.5,3.3,48.2,-38.3,188.3,134.8,229,159.5,55,8,33,41,9,43,Majority Minority,Majortiy White,Yes,green,green,green,green,red,green,green,green,green,740,157,774,"1,810"
greenmount cemetery,Greenmount Cemetery,988,11,12,946,1,3,0,2,13,969,19,13,916,4,0,0,6,11,Baltimore City,-19,8,0,-30,3,-3,-0,4,-2,-2,78,0.2,-3.2,396.3,-99.9,-100,275.4,-15.5,1,96,1,1,95,2,Majority Black,Majority Black,No,red,green,green,red,green,red,red,green,red,13,916,19,969
greenmount west,Greenmount West,859,14,217,587,2,21,0,0,18,1129,76,354,587,2,44,0,5,60,Baltimore City,270,61,137,0,-0,24,0,5,42,31.4,434.3,63.2,0,-0.8,112.8,49980.3,129770.9,240.9,25,68,2,31,52,7,Majority Black,Majority Black,No,green,green,green,green,red,green,green,green,green,354,587,76,"1,129"
greenspring,Greenspring,2271,20,26,2192,5,3,1,1,24,1790,45,65,1611,5,2,1,8,52,Baltimore City,-482,25,39,-580,-1,-1,0,8,28,-21.2,125.2,153.3,-26.5,-12.4,-34.7,66.9,879.6,119.1,1,96,1,4,90,3,Majority Black,Majority Black,No,red,green,green,red,red,red,green,green,green,65,"1,611",45,"1,790"
grove park,Grove Park,1537,24,22,1461,6,3,0,2,19,1378,51,29,1243,3,5,1,7,37,Baltimore City,-159,27,7,-218,-3,2,1,5,19,-10.3,112.5,33.5,-14.9,-47.7,61.4,Inf,264.3,101.3,1,95,2,2,90,4,Majority Black,Majority Black,No,red,green,green,red,red,green,green,green,green,29,"1,243",51,"1,378"
guilford,Guilford,5784,226,4325,477,6,624,2,11,115,5549,361,2932,469,0,1468,1,25,293,Baltimore City,-236,135,-1393,-8,-6,844,-1,14,178,-4.1,60.1,-32.2,-1.7,-99.3,135.4,-67.9,135.3,154.5,75,8,4,53,8,7,Majority White,Majortiy White,Yes,red,green,red,red,red,green,red,green,green,"2,932",469,361,"5,549"
gwynns falls,Gwynns Falls,678,17,205,437,2,6,0,1,10,591,50,135,360,2,12,0,4,28,Baltimore City,-87,33,-70,-77,1,6,-0,3,18,-12.8,192,-34.2,-17.6,40.3,107.7,-100,292.3,178.1,30,65,3,23,61,8,Majority Black,Majority Black,No,red,green,red,red,green,green,red,green,green,135,360,50,591
gwynns falls/leakin park,Gwynns Falls/Leakin Park,4833,47,70,4639,18,6,3,5,45,4216,85,100,3901,6,15,0,12,98,Baltimore City,-617,37,29,-738,-12,9,-3,7,53,-12.8,78.8,41.7,-15.9,-66.7,153.6,-99.7,161.7,118.1,1,96,1,2,93,2,Majority Black,Majority Black,No,red,green,green,red,red,green,red,green,green,100,"3,901",85,"4,216"
hamilton hills,Hamilton Hills,9996,283,2889,6485,21,98,1,16,203,9878,378,2266,6674,31,79,2,62,385,Baltimore City,-118,95,-623,190,10,-19,1,47,181,-1.2,33.8,-21.6,2.9,47.5,-19.3,48.5,300.2,89.1,29,65,3,23,68,4,Majority Black,Majority Black,No,red,green,red,green,green,red,green,green,green,"2,266","6,674",378,"9,878"
hampden,Hampden,5959,185,5045,369,17,220,1,3,120,6091,256,4787,390,11,330,0,28,290,Baltimore City,132,71,-258,21,-6,110,-0,24,170,2.2,38.5,-5.1,5.8,-36.3,50,-49.9,772.7,141.4,85,6,3,79,6,4,Majority White,Majortiy White,Yes,green,green,red,green,red,green,red,green,green,"4,787",390,256,"6,091"
hanlon-longwood,Hanlon-Longwood,2317,28,22,2227,2,2,0,3,32,2289,57,37,2120,3,10,0,15,47,Baltimore City,-28,29,16,-106,0,7,0,12,15,-1.2,102.4,71.3,-4.8,14.2,294.2,1703.8,389.7,45.2,1,96,1,2,93,2,Majority Black,Majority Black,No,red,green,green,red,green,green,green,green,green,37,"2,120",57,"2,289"
harlem park,Harlem Park,5015,55,70,4805,9,15,0,4,57,3717,90,102,3377,3,22,1,24,99,Baltimore City,-1298,34,32,-1428,-6,7,1,19,42,-25.9,62.5,45.7,-29.7,-65.6,50.3,Inf,434.9,73.1,1,96,1,3,91,2,Majority Black,Majority Black,No,red,green,green,red,red,green,green,green,green,102,"3,377",90,"3,717"
harwood,Harwood,1607,52,524,939,6,47,2,4,33,1699,153,603,778,3,61,1,8,92,Baltimore City,92,101,79,-161,-4,14,-1,4,60,5.8,194.1,15.1,-17.1,-57,30.1,-40,113.7,184.5,33,58,3,35,46,9,Majority Minority,Majority Black,Yes,green,green,green,red,red,green,red,green,green,603,778,153,"1,699"
hawkins point,Hawkins Point,3178,202,1648,1093,21,66,0,5,144,2989,433,1149,1136,6,38,2,22,202,Baltimore City,-189,231,-499,43,-15,-27,2,17,59,-6,114.1,-30.3,3.9,-69.4,-41.6,Inf,362.5,40.9,52,34,6,38,38,14,Majority Minority,Majortiy White,Yes,red,green,red,green,red,red,green,green,green,"1,149","1,136",433,"2,989"
heritage crossing,Heritage Crossing,1397,19,33,1312,5,10,0,0,18,1224,31,39,1097,4,5,1,9,38,Baltimore City,-173,13,6,-215,-1,-5,1,9,20,-12.4,68.2,18.3,-16.4,-19.2,-50.6,600.4,1805.6,109.5,2,94,1,3,90,3,Majority Black,Majority Black,No,red,green,green,red,red,red,green,green,green,39,"1,097",31,"1,224"
herring run park,Herring Run Park,1079,22,353,662,3,12,0,1,25,962,34,300,567,1,14,0,3,43,Baltimore City,-117,11,-53,-95,-2,2,0,2,18,-10.8,50.2,-15,-14.3,-67.9,19.6,9090.4,152.9,70.4,33,61,2,31,59,3,Majority Black,Majority Black,No,red,green,red,red,red,green,green,green,green,300,567,34,962
highlandtown,Highlandtown,3016,839,1465,561,30,57,2,3,59,3298,1294,1408,385,13,86,0,13,99,Baltimore City,282,455,-57,-177,-16,28,-2,10,41,9.4,54.3,-3.9,-31.5,-54.8,49.3,-95.1,377.6,69.9,49,19,28,43,12,39,Majority Minority,Majority Minority,No,green,green,red,red,red,green,red,green,green,"1,408",385,"1,294","3,298"
hillen,Hillen,1552,38,138,1330,2,13,1,3,27,1393,45,257,840,1,190,0,7,54,Baltimore City,-159,7,119,-490,-2,177,-1,5,27,-10.2,18.8,86.1,-36.9,-65.6,1326,-91.8,173.4,99,9,86,2,18,60,3,Majority Black,Majority Black,No,red,green,green,red,red,green,red,green,green,257,840,45,"1,393"
hoes heights,Hoes Heights,998,32,812,91,2,42,0,1,18,992,35,737,94,1,82,0,5,38,Baltimore City,-6,4,-75,3,-1,40,-0,4,20,-0.6,11.2,-9.2,3.5,-53.8,96.4,-50,379.8,109.5,81,9,3,74,10,4,Majority White,Majortiy White,Yes,red,green,red,green,red,green,red,green,green,737,94,35,992
holabird industrial park,Holabird Industrial Park,698,146,395,114,10,14,1,1,16,739,325,256,116,4,9,0,5,25,Baltimore City,41,179,-139,2,-6,-5,-1,3,9,5.9,122.4,-35.3,2,-57.4,-36.4,-100,210,53.2,57,16,21,35,16,44,Majority Minority,Majortiy White,Yes,green,green,red,green,red,red,red,green,green,256,116,325,739
hollins market,Hollins Market,1818,52,547,1127,6,43,1,6,36,1692,137,418,979,3,71,0,18,67,Baltimore City,-126,85,-129,-148,-3,28,-1,12,30,-6.9,161.6,-23.5,-13.2,-50,64.2,-100,216.6,84.3,30,62,3,25,58,8,Majority Black,Majority Black,No,red,green,red,red,red,green,red,green,green,418,979,137,"1,692"
homeland,Homeland,2711,69,2196,290,6,92,0,7,51,2719,122,2046,314,3,99,0,16,120,Baltimore City,9,53,-150,23,-3,8,0,9,68,0.3,77.7,-6.8,8,-50.1,8.3,47.5,133.9,133,81,11,3,75,12,4,Majority White,Majortiy White,Yes,green,green,red,green,red,green,green,green,green,"2,046",314,122,"2,719"
hopkins bayview,Hopkins Bayview,1627,407,1003,113,5,57,1,6,35,1978,1023,655,182,5,52,0,12,48,Baltimore City,350,616,-348,70,-1,-5,-1,6,14,21.5,151.2,-34.7,61.9,-12.5,-8.7,-100,94.7,39.4,62,7,25,33,9,52,Majority Hispanic,Majortiy White,Yes,green,green,red,green,red,red,red,green,green,655,182,"1,023","1,978"
howard park,Howard Park,5240,83,143,4913,10,20,0,3,68,4408,145,119,3918,12,24,3,67,119,Baltimore City,-832,62,-24,-996,2,5,3,64,52,-15.9,74.2,-17.1,-20.3,23.5,22.9,Inf,2314.8,76.4,3,94,2,3,89,3,Majority Black,Majority Black,No,red,green,red,red,green,green,green,green,green,119,"3,918",145,"4,408"
hunting ridge,Hunting Ridge,1478,17,202,1227,1,9,0,2,19,1410,39,175,1126,2,11,0,7,51,Baltimore City,-68,21,-28,-101,1,2,-0,5,32,-4.6,121.8,-13.7,-8.2,59.7,24.3,-98.5,242.7,171.4,14,83,1,12,80,3,Majority Black,Majority Black,No,red,green,red,red,green,green,red,green,green,175,"1,126",39,"1,410"
idlewood,Idlewood,2673,57,318,2225,5,32,1,1,36,2519,98,237,2081,5,18,1,9,71,Baltimore City,-155,41,-81,-144,0,-14,1,7,34,-5.8,73.2,-25.5,-6.5,0.2,-43.6,97,550.8,94.1,12,83,2,9,83,4,Majority Black,Majority Black,No,red,green,red,red,green,red,green,green,green,237,"2,081",98,"2,519"
inner harbor,Inner Harbor,2523,116,1671,481,7,194,2,5,49,3327,194,1982,628,6,345,0,18,154,Baltimore City,804,78,311,148,-0,152,-1,13,105,31.9,67.6,18.6,30.7,-5.1,78.3,-94.8,267.1,215.6,66,19,5,60,19,6,Majority White,Majortiy White,Yes,green,green,green,green,red,green,red,green,green,"1,982",628,194,"3,327"
irvington,Irvington,5104,90,1172,3676,24,42,2,8,89,4901,180,851,3562,11,80,0,15,202,Baltimore City,-202,90,-321,-114,-12,38,-2,7,113,-4,99.9,-27.4,-3.1,-51.8,90.2,-86.8,81.2,125.9,23,72,2,17,73,4,Majority Black,Majority Black,No,red,green,red,red,red,green,red,green,green,851,"3,562",180,"4,901"
johns hopkins homewood,Johns Hopkins Homewood,4156,229,2321,321,6,1121,2,9,146,4284,460,1719,383,6,1422,1,35,257,Baltimore City,128,232,-602,62,-0,301,-1,26,110,3.1,101.2,-25.9,19.3,-1.4,26.8,-33.9,302.7,75.2,56,8,6,40,9,11,Majority Minority,Majortiy White,Yes,green,green,red,green,red,green,red,green,green,"1,719",383,460,"4,284"
johnston square,Johnston Square,2015,21,66,1894,5,6,0,1,21,1876,44,83,1675,5,14,0,5,50,Baltimore City,-139,23,17,-219,-0,7,-0,4,29,-6.9,110.7,25.7,-11.6,-3,121,-6.1,304.7,142.6,3,94,1,4,89,2,Majority Black,Majority Black,No,red,green,green,red,red,green,red,green,green,83,"1,675",44,"1,876"
jones falls area,Jones Falls Area,1938,72,1344,346,6,114,0,5,51,2069,142,1383,229,4,208,0,11,92,Baltimore City,131,70,39,-117,-2,95,0,6,41,6.8,96.9,2.9,-33.9,-32.1,83.2,Inf,126,79.8,69,18,4,67,11,7,Majority White,Majortiy White,Yes,green,green,green,red,red,green,green,green,green,"1,383",229,142,"2,069"
jonestown,Jonestown,1505,77,551,759,4,87,0,2,25,1545,81,620,612,6,152,0,6,67,Baltimore City,40,4,69,-146,2,65,-0,4,42,2.7,4.9,12.5,-19.3,68.3,74.8,-98.7,201.2,172.4,37,50,5,40,40,5,Majority Minority,Majority Black,Yes,green,green,green,red,green,green,red,green,green,620,612,81,"1,545"
kenilworth park,Kenilworth Park,1627,19,44,1529,8,3,0,2,22,1535,44,50,1385,5,0,0,10,41,Baltimore City,-92,25,6,-145,-4,-3,-0,8,19,-5.7,134.1,14.3,-9.5,-42.8,-86.5,-100,400,89.3,3,94,1,3,90,3,Majority Black,Majority Black,No,red,green,green,red,red,red,red,green,green,50,"1,385",44,"1,535"
kernewood,Kernewood,486,17,322,116,0,20,0,0,10,525,41,230,116,0,108,0,2,27,Baltimore City,39,24,-92,0,-0,88,0,2,17,8,137,-28.4,0.1,-69.1,442.8,Inf,571.3,170.8,66,24,4,44,22,8,Majority Minority,Majortiy White,Yes,green,green,red,green,red,green,green,green,green,230,116,41,525
keswick,Keswick,439,14,336,32,0,47,0,1,9,451,20,319,33,0,56,0,3,20,Baltimore City,13,6,-17,1,-0,9,-0,3,11,2.9,43.3,-5,3,-99.8,19.6,-50,314.3,118.2,77,7,3,71,7,4,Majority White,Majortiy White,Yes,green,green,red,green,red,green,red,green,green,319,33,20,451
kresson,Kresson,389,143,128,93,4,13,0,1,8,472,264,107,60,2,26,0,2,12,Baltimore City,83,121,-21,-33,-3,13,-0,1,5,21.2,84.5,-16.5,-35.5,-63.1,103,-86,219.2,63.7,33,24,37,23,13,56,Majority Hispanic,Majority Minority,Yes,green,green,red,red,red,green,red,green,green,107,60,264,472
lake evesham,Lake Evesham,314,8,254,34,1,11,0,1,6,315,14,237,36,0,11,0,2,14,Baltimore City,1,6,-17,3,-0,1,-0,1,8,0.2,74.3,-6.9,8.2,-49.5,7.1,-33.3,130.9,131.8,81,11,3,75,12,5,Majority White,Majortiy White,Yes,green,green,red,green,red,green,red,green,green,237,36,14,315
lake walker,Lake Walker,2030,150,909,837,4,73,2,11,44,1921,131,808,819,4,72,1,15,71,Baltimore City,-109,-19,-101,-18,0,-1,-1,4,27,-5.4,-12.7,-11.1,-2.2,0,-1.1,-33,40.5,60.9,45,41,7,42,43,7,Majority Minority,Majority Minority,No,red,red,red,red,red,red,red,green,green,808,819,131,"1,921"
lakeland,Lakeland,2793,522,609,1524,6,78,1,3,50,2956,1240,363,1166,4,76,0,14,93,Baltimore City,163,718,-246,-358,-2,-2,-1,11,43,5.8,137.3,-40.4,-23.5,-33.4,-2.6,-100,372.2,85.6,22,55,19,12,39,42,Majority Minority,Majority Black,Yes,green,green,red,red,red,red,red,green,green,363,"1,166","1,240","2,956"
langston hughes,Langston Hughes,882,12,10,846,1,0,0,1,11,648,13,8,607,1,3,0,2,14,Baltimore City,-234,1,-2,-239,1,3,-0,1,3,-26.5,5.6,-21.1,-28.3,66.5,858.4,-100,133.8,23.8,1,96,1,1,94,2,Majority Black,Majority Black,No,red,green,red,red,green,green,red,green,green,8,607,13,648
lauraville,Lauraville,3844,100,1466,2127,14,41,1,8,87,3497,141,1138,1959,8,50,4,37,160,Baltimore City,-348,41,-328,-168,-6,9,3,29,73,-9,40.4,-22.4,-7.9,-43.3,21.9,332.5,360.6,84.6,38,55,3,33,56,4,Majority Black,Majority Black,No,red,green,red,red,red,green,green,green,green,"1,138","1,959",141,"3,497"
levindale,Levindale,1246,15,57,1153,2,3,0,3,13,998,32,47,883,3,4,0,4,25,Baltimore City,-248,16,-10,-270,1,1,0,2,12,-19.9,104.3,-17.9,-23.4,27.2,26.7,NA,66.7,94.9,5,92,1,5,88,3,Majority Black,Majority Black,No,red,green,red,red,green,green,NA,green,green,47,883,32,998
liberty square,Liberty Square,480,2,4,461,1,1,0,3,8,456,10,9,419,0,3,1,1,13,Baltimore City,-24,8,5,-42,-1,2,1,-2,5,-5,415.6,114.2,-9,-99.9,349.7,Inf,-70,57.6,1,96,0,2,92,2,Majority Black,Majority Black,No,red,green,green,red,red,green,green,red,green,9,419,10,456
little italy,Little Italy,640,41,276,269,2,40,0,0,11,732,49,322,244,4,78,0,3,32,Baltimore City,91,8,46,-25,1,38,0,3,20,14.3,18.5,16.6,-9.3,45.4,97,6651.4,595.8,179.6,43,42,6,44,33,7,Majority Minority,Majority Minority,No,green,green,green,red,green,green,green,green,green,322,244,49,732
loch raven,Loch Raven,4227,75,330,3682,3,81,0,5,51,3841,68,187,3372,1,82,4,26,100,Baltimore City,-386,-7,-142,-310,-1,1,4,20,49,-9.1,-9,-43.1,-8.4,-50,1.1,288929.1,374,96,8,87,2,5,88,2,Majority Black,Majority Black,No,red,red,red,red,red,green,green,green,green,187,"3,372",68,"3,841"
locust point,Locust Point,492,9,454,8,1,13,0,0,6,706,34,580,26,1,32,1,5,27,Baltimore City,213,25,126,18,-0,18,0,4,22,43.3,261.5,27.7,222.2,-28.6,140.3,200,1200,380.6,92,2,2,82,4,5,Majority White,Majortiy White,Yes,green,green,green,green,red,green,green,green,green,580,26,34,706
locust point industrial area,Locust Point Industrial Area,3502,81,3192,72,8,102,1,2,45,4606,232,3793,169,5,191,2,24,190,Baltimore City,1104,151,602,97,-2,88,2,22,145,31.5,186.9,18.9,134,-32.1,86.7,198.6,951.4,320.8,91,2,2,82,4,5,Majority White,Majortiy White,Yes,green,green,green,green,red,green,green,green,green,"3,793",169,232,"4,606"
lower edmondson village,Lower Edmondson Village,222,1,1,217,0,0,0,0,2,188,2,3,179,1,0,0,0,3,Baltimore City,-34,1,1,-38,0,0,0,0,1,-15.3,53.4,71.1,-17.5,10.4,36.5,Inf,16325.8,89.7,1,98,1,1,95,1,Majority Black,Majority Black,No,red,green,green,red,green,green,green,green,green,3,179,2,188
lower herring run park,Lower Herring Run Park,1447,17,112,1262,3,33,0,1,19,1317,28,58,1180,3,10,0,5,32,Baltimore City,-130,12,-54,-82,-1,-23,0,4,13,-9,70.5,-48.1,-6.5,-17.2,-69.1,157.8,268.9,71.2,8,87,1,4,90,2,Majority Black,Majority Black,No,red,green,red,red,red,red,green,green,green,58,"1,180",28,"1,317"
loyola/notre dame,Loyola/Notre Dame,1947,70,1300,450,2,85,0,1,39,2147,169,961,459,1,440,1,8,109,Baltimore City,200,100,-340,9,-1,354,1,7,70,10.3,143.7,-26.1,2,-67.3,414.5,Inf,618.4,178.4,67,23,4,45,21,8,Majority Minority,Majortiy White,Yes,green,green,red,green,red,green,green,green,green,961,459,169,"2,147"
lucille park,Lucille Park,1108,13,15,1063,3,3,0,1,11,902,39,29,798,2,2,0,5,27,Baltimore City,-206,26,14,-264,-0,-0,-0,4,16,-18.6,194.4,91.8,-24.9,-11,-10.6,-21.5,640.3,141.9,1,96,1,3,88,4,Majority Black,Majority Black,No,red,green,green,red,red,red,red,green,green,29,798,39,902
madison park,Madison Park,2686,34,133,2457,7,14,1,2,37,2358,43,132,2059,6,16,4,11,87,Baltimore City,-328,9,-2,-398,-1,2,3,9,50,-12.2,27,-1.4,-16.2,-11.2,13,216.4,389.3,134.5,5,91,1,6,87,2,Majority Black,Majority Black,No,red,green,red,red,red,green,green,green,green,132,"2,059",43,"2,358"
madison-eastend,Madison-Eastend,2915,124,100,2615,14,23,0,5,35,2247,340,95,1693,7,21,0,5,86,Baltimore City,-668,217,-5,-922,-7,-2,-0,-0,51,-22.9,175.7,-4.9,-35.2,-50,-7.8,-100,-5.9,145.7,3,90,4,4,75,15,Majority Black,Majority Black,No,red,green,red,red,red,red,red,red,green,95,"1,693",340,"2,247"
mayfield,Mayfield,574,10,124,422,2,6,0,0,10,492,12,100,355,0,6,0,1,17,Baltimore City,-82,2,-24,-67,-1,0,0,1,8,-14.2,20.7,-19.4,-15.9,-76,3.3,Inf,219.5,83.3,22,74,2,20,72,3,Majority Black,Majority Black,No,red,green,red,red,red,green,green,green,green,100,355,12,492
mcelderry park,Mcelderry Park,3773,446,587,2591,25,56,1,3,65,3348,639,654,1834,12,66,0,11,132,Baltimore City,-425,194,67,-757,-13,10,-1,8,68,-11.3,43.4,11.4,-29.2,-50.9,18,-86.4,272.5,104.3,16,69,12,20,55,19,Majority Black,Majority Black,No,red,green,green,red,red,green,red,green,green,654,"1,834",639,"3,348"
medfield,Medfield,2670,110,1962,325,5,209,0,10,50,2711,151,1712,362,7,352,1,18,108,Baltimore City,42,41,-250,37,2,144,1,9,58,1.6,37.2,-12.7,11.3,39.8,68.8,124897.3,90.2,117.6,73,12,4,63,13,6,Majority White,Majortiy White,Yes,green,green,red,green,green,green,green,green,green,"1,712",362,151,"2,711"
medford,Medford,259,51,121,73,3,4,0,1,6,282,112,77,77,1,4,0,2,9,Baltimore City,23,61,-44,4,-1,-1,-0,1,3,8.9,121.2,-36.7,5.2,-48.8,-17.7,-57.8,150.4,60.4,47,28,20,27,27,40,Majority Minority,Majority Minority,No,green,green,red,green,red,red,red,green,green,77,77,112,282
mid-govans,Mid-Govans,1324,21,142,1125,5,9,1,2,21,1221,22,130,1002,1,13,0,3,48,Baltimore City,-103,1,-12,-122,-4,5,-0,2,27,-7.8,5.4,-8.2,-10.9,-84,56.1,-50,117.8,133.6,11,85,2,11,82,2,Majority Black,Majority Black,No,red,green,red,red,red,green,red,green,green,130,"1,002",22,"1,221"
mid-town belvedere,Mid-Town Belvedere,4394,206,2480,1150,13,393,1,12,139,5217,371,2585,1363,9,612,1,25,251,Baltimore City,823,165,105,213,-5,219,-0,13,112,18.7,80.3,4.2,18.5,-34.9,55.6,-10.3,108.6,81,56,26,5,50,26,7,Majority Minority,Majortiy White,Yes,green,green,green,green,red,green,red,green,green,"2,585","1,363",371,"5,217"
middle branch/reedbird parks,Middle Branch/Reedbird Parks,1750,41,58,1608,4,8,0,2,29,1488,96,64,1260,3,17,0,5,43,Baltimore City,-261,56,6,-348,-1,9,-0,3,14,-14.9,136.9,10.3,-21.7,-26.5,109.7,-21.7,161.9,48.1,3,92,2,4,85,6,Majority Black,Majority Black,No,red,green,green,red,red,green,red,green,green,64,"1,260",96,"1,488"
middle east,Middle East,2166,31,43,2057,1,14,0,0,19,2447,71,201,1916,5,185,0,1,67,Baltimore City,281,40,158,-141,4,171,-0,1,48,13,130.3,365.5,-6.9,274,1213.7,-100,231.6,253.6,2,95,1,8,78,3,Majority Black,Majority Black,No,green,green,green,red,green,green,red,green,green,201,"1,916",71,"2,447"
midtown-edmondson,Midtown-Edmondson,2091,12,18,2025,3,6,0,3,24,1497,32,19,1391,4,8,2,7,36,Baltimore City,-595,19,1,-634,1,2,2,3,11,-28.4,153.7,5.1,-31.3,37.2,40.6,4817.9,99.8,46.3,1,97,1,1,93,2,Majority Black,Majority Black,No,red,green,green,red,green,green,green,green,green,19,"1,391",32,"1,497"
millhill,Millhill,2117,92,728,1204,4,29,1,1,58,1546,121,326,991,7,24,0,5,72,Baltimore City,-571,29,-402,-213,3,-5,-1,4,15,-27,31,-55.2,-17.7,67.2,-17.7,-100,261.6,25.1,34,57,4,21,64,8,Majority Black,Majority Black,No,red,green,red,red,green,red,red,green,green,326,991,121,"1,546"
milton-montford,Milton-Montford,1456,52,35,1328,7,13,0,1,21,1146,117,54,918,4,10,0,3,39,Baltimore City,-309,66,19,-409,-3,-3,0,2,19,-21.3,127.3,55.1,-30.8,-42.1,-23.6,NA,234.8,90.6,2,91,4,5,80,10,Majority Black,Majority Black,No,red,green,green,red,red,red,NA,green,green,54,918,117,"1,146"
mondawmin,Mondawmin,3828,49,42,3647,13,12,2,6,57,3367,78,236,2690,2,253,1,17,90,Baltimore City,-461,30,194,-958,-11,241,-1,11,33,-12.1,60.6,458.3,-26.3,-84.6,1933.1,-61.9,187.1,58.1,1,95,1,7,80,2,Majority Black,Majority Black,No,red,green,green,red,red,green,red,green,green,236,"2,690",78,"3,367"
montebello,Montebello,1808,33,352,1355,5,17,0,3,42,1543,49,293,1126,2,16,1,4,52,Baltimore City,-266,16,-60,-229,-3,-1,1,1,10,-14.7,48.3,-16.9,-16.9,-60.5,-7.8,773492.7,27.5,24,19,75,2,19,73,3,Majority Black,Majority Black,No,red,green,red,red,red,red,green,green,green,293,"1,126",49,"1,543"
moravia-walther,Moravia-Walther,1209,23,369,772,3,10,0,3,27,1124,44,264,747,4,16,0,9,40,Baltimore City,-85,21,-105,-25,1,6,-0,6,12,-7,90.3,-28.6,-3.2,18.5,54.8,-99.6,168.8,44.9,31,64,2,23,66,4,Majority Black,Majority Black,No,red,green,red,red,green,green,red,green,green,264,747,44,"1,124"
morgan park,Morgan Park,524,12,169,323,1,6,0,1,12,486,19,130,303,1,8,0,6,19,Baltimore City,-38,7,-39,-20,-1,2,0,5,8,-7.3,57.6,-23.2,-6.3,-34.1,34.2,205.4,558.7,67.5,32,62,2,27,62,4,Majority Black,Majority Black,No,red,green,red,red,red,green,green,green,green,130,303,19,486
morgan state university,Morgan State University,2866,55,198,2544,5,18,1,5,41,2449,60,314,1728,2,252,1,12,82,Baltimore City,-417,5,116,-816,-3,234,-0,7,41,-14.5,8.6,58.7,-32.1,-62.6,1322.9,-40.5,128.6,101.4,7,89,2,13,71,2,Majority Black,Majority Black,No,red,green,green,red,red,green,red,green,green,314,"1,728",60,"2,449"
morrell park,Morrell Park,3064,153,2264,442,21,91,2,8,84,2968,440,1481,771,8,101,0,22,145,Baltimore City,-96,287,-783,329,-12,10,-2,14,62,-3.1,186.8,-34.6,74.5,-59.1,11.4,-99.7,178.1,73.5,74,14,5,50,26,15,Majority Minority,Majortiy White,Yes,red,green,red,green,red,green,red,green,green,"1,481",771,440,"2,968"
mosher,Mosher,1882,28,12,1817,4,6,0,0,14,1372,24,15,1291,5,1,0,8,28,Baltimore City,-510,-4,3,-526,1,-5,0,8,14,-27.1,-15.3,21.8,-28.9,24.9,-90.9,NA,301654.7,96.2,1,97,1,1,94,2,Majority Black,Majority Black,No,red,red,green,red,green,red,NA,green,green,15,"1,291",24,"1,372"
mount holly,Mount Holly,1093,16,16,1041,2,1,0,1,15,1059,27,35,955,2,4,0,11,25,Baltimore City,-34,11,19,-86,0,3,0,9,10,-3.1,66,120.4,-8.3,0.8,244.2,129.5,628.4,69.2,1,95,1,3,90,3,Majority Black,Majority Black,No,red,green,green,red,green,green,green,green,green,35,955,27,"1,059"
mount vernon,Mount Vernon,4830,208,2428,1648,14,385,1,13,132,5246,358,2468,1566,9,569,1,24,251,Baltimore City,417,150,40,-82,-5,184,0,11,118,8.6,72.5,1.6,-5,-35.8,47.8,6.2,86.4,89.5,50,34,4,47,30,7,Majority Minority,Majortiy White,Yes,green,green,green,red,red,green,green,green,green,"2,468","1,566",358,"5,246"
mount washington,Mount Washington,4581,110,2817,1400,7,135,2,11,99,4821,175,2891,1346,5,143,0,54,208,Baltimore City,240,65,74,-54,-3,8,-2,43,110,5.2,58.8,2.6,-3.9,-37.2,6.1,-86.7,381,111.2,61,31,2,60,28,4,Majority White,Majortiy White,Yes,green,green,green,red,red,green,red,green,green,"2,891","1,346",175,"4,821"
mount winans,Mount Winans,255,4,21,222,1,1,0,1,5,215,10,16,177,1,1,0,2,9,Baltimore City,-40,6,-6,-45,-0,0,0,1,4,-15.7,173.2,-27.4,-20.4,-18.3,8.9,NA,259.9,78.2,8,87,1,7,82,5,Majority Black,Majority Black,No,red,green,red,red,red,green,NA,green,green,16,177,10,215
mt pleasant park,Mt Pleasant Park,1876,33,148,1632,1,36,0,2,23,1707,31,85,1496,1,36,2,11,45,Baltimore City,-170,-3,-63,-136,-1,0,2,9,22,-9,-8.5,-42.7,-8.3,-49,0.8,182089.8,373.6,95.8,8,87,2,5,88,2,Majority Black,Majority Black,No,red,red,red,red,red,green,green,green,green,85,"1,496",31,"1,707"
new northwood,New Northwood,4686,67,131,4392,7,24,0,6,60,4389,60,199,3866,4,104,0,29,126,Baltimore City,-297,-7,69,-527,-3,80,-0,23,67,-6.3,-9.8,52.5,-12,-37.6,342.1,-99.7,378.4,112.2,3,94,1,5,88,1,Majority Black,Majority Black,No,red,red,green,red,red,green,red,green,green,199,"3,866",60,"4,389"
new southwest/mount clare,New Southwest/Mount Clare,1985,149,581,1130,19,42,0,2,62,1621,215,387,907,6,25,1,6,74,Baltimore City,-364,66,-193,-223,-13,-17,1,4,12,-18.3,44.4,-33.3,-19.7,-66.9,-41.3,309.9,204.2,18.7,29,57,7,24,56,13,Majority Black,Majority Black,No,red,green,red,red,red,red,green,green,green,387,907,215,"1,621"
north harford road,North Harford Road,3718,179,2227,1208,10,37,1,6,51,3549,224,1561,1507,7,64,2,25,159,Baltimore City,-170,45,-666,299,-3,26,1,19,108,-4.6,25.4,-29.9,24.8,-28.1,70.8,127.2,314.9,210.9,60,32,5,44,42,6,Majority Minority,Majortiy White,Yes,red,green,red,green,red,green,green,green,green,"1,561","1,507",224,"3,549"
north roland park/poplar hill,North Roland Park/Poplar Hill,1555,34,1211,112,1,170,0,1,28,1485,57,1146,155,1,52,0,12,61,Baltimore City,-71,23,-64,43,-0,-117,-0,11,34,-4.5,69.9,-5.3,38.7,-3.4,-69.1,-100,918.5,120.1,78,7,2,77,10,4,Majority White,Majortiy White,Yes,red,green,red,green,red,red,red,green,green,"1,146",155,57,"1,485"
northwest community action,Northwest Community Action,1375,13,10,1323,2,1,0,1,23,1103,14,18,1032,2,1,0,3,33,Baltimore City,-272,1,8,-292,-0,0,-0,2,10,-19.8,8.7,76.6,-22,-19.6,0.1,-100,198.6,42.4,1,96,1,2,94,1,Majority Black,Majority Black,No,red,green,green,red,red,green,red,green,green,18,"1,032",14,"1,103"
o'donnell heights,O'donnell Heights,1183,197,294,649,3,11,0,5,23,1366,429,165,696,5,19,2,9,42,Baltimore City,183,232,-129,47,2,8,2,4,19,15.5,117.6,-43.9,7.2,49.4,71.2,88213.8,83.4,79.3,25,55,17,12,51,31,Majority Black,Majority Black,No,green,green,red,green,green,green,green,green,green,165,696,429,"1,366"
oakenshawe,Oakenshawe,946,37,639,158,2,79,0,4,27,907,56,567,128,1,95,0,3,56,Baltimore City,-40,19,-72,-30,-1,16,-0,-1,29,-4.2,50.9,-11.2,-18.9,-49.5,20.2,-99,-20.2,110,67,17,4,63,14,6,Majority White,Majortiy White,Yes,red,green,red,red,red,green,red,red,green,567,128,56,907
oaklee,Oaklee,159,5,112,35,1,3,0,0,3,148,10,77,47,0,4,0,1,9,Baltimore City,-11,4,-35,12,-0,2,-0,0,5,-6.9,81.6,-30.9,35.2,-23.1,58.6,-50,200,152.3,70,22,3,52,32,7,Majority White,Majortiy White,Yes,red,green,red,green,red,green,red,green,green,77,47,10,148
old goucher,Old Goucher,970,55,305,517,5,63,1,1,23,862,73,304,387,2,59,2,4,30,Baltimore City,-109,19,-1,-130,-3,-4,1,3,7,-11.2,33.9,-0.3,-25.1,-64.6,-6.5,248.7,226.1,28.6,31,53,6,35,45,9,Majority Minority,Majority Black,Yes,red,green,red,red,red,red,green,green,green,304,387,73,862
oldtown,Oldtown,2878,33,67,2702,1,40,0,4,31,2487,42,80,2281,8,5,0,15,57,Baltimore City,-392,9,13,-421,7,-35,-0,11,26,-13.6,27.4,18.9,-15.6,767.5,-87.6,-100,262.8,83.7,2,94,1,3,92,2,Majority Black,Majority Black,No,red,green,green,red,green,red,red,green,green,80,"2,281",42,"2,487"
oliver,Oliver,2979,27,45,2856,6,7,1,2,34,2649,61,45,2459,7,12,0,12,53,Baltimore City,-330,34,-1,-397,1,4,-1,10,20,-11.1,124.5,-1.2,-13.9,17.9,57.8,-100,409,57.9,2,96,1,2,93,2,Majority Black,Majority Black,No,red,green,red,red,green,green,red,green,green,45,"2,459",61,"2,649"
orangeville,Orangeville,924,270,506,105,8,15,1,1,19,1021,568,315,69,3,28,0,6,33,Baltimore City,97,298,-191,-36,-5,13,-1,5,14,10.5,110.2,-37.8,-34.3,-61.8,90.8,-100,774.7,74.4,55,11,29,31,7,56,Majority Hispanic,Majortiy White,Yes,green,green,red,red,red,green,red,green,green,315,69,568,"1,021"
orangeville industrial area,Orangeville Industrial Area,656,165,212,242,8,15,0,1,14,853,333,142,322,2,25,1,2,26,Baltimore City,197,168,-70,80,-6,10,0,2,12,29.9,102.3,-33.1,33.1,-69.3,71.2,19.4,314.5,81.1,32,37,25,17,38,39,Majority Minority,Majority Minority,No,green,green,red,green,red,green,green,green,green,142,322,333,853
orchard ridge,Orchard Ridge,474,30,136,287,7,1,0,0,11,783,83,111,554,2,2,1,1,29,Baltimore City,309,53,-25,267,-5,1,1,1,17,65.2,175.6,-18.3,92.8,-74.7,59.6,4561.2,11622.4,150.7,29,61,6,14,71,11,Majority Black,Majority Black,No,green,green,red,green,red,green,green,green,green,111,554,83,783
original northwood,Original Northwood,1420,33,137,1207,2,12,1,2,26,1266,40,228,791,1,153,0,6,47,Baltimore City,-154,7,91,-416,-1,140,-1,4,22,-10.8,22.4,66.1,-34.4,-65,1140.3,-83.7,153,84.3,10,85,2,18,62,3,Majority Black,Majority Black,No,red,green,green,red,red,green,red,green,green,228,791,40,"1,266"
otterbein,Otterbein,928,29,685,136,3,53,1,3,17,1154,65,772,161,1,96,0,8,52,Baltimore City,227,36,87,25,-2,42,-1,6,35,24.4,123.5,12.6,18,-66.6,79.4,-99.7,218.6,200.3,74,15,3,67,14,6,Majority White,Majortiy White,Yes,green,green,green,green,red,green,red,green,green,772,161,65,"1,154"
overlea-city,Overlea,1551,60,928,516,5,16,1,3,23,1501,86,649,664,2,28,2,8,63,Baltimore City,-50,26,-279,148,-3,12,1,6,39,-3.2,42.8,-30.1,28.7,-51,74.4,204.6,196.2,166.6,60,33,4,43,44,6,Majority Minority,Majortiy White,Yes,red,green,red,green,red,green,green,green,green,649,664,86,"1,501"
panway/braddish avenue,Panway/Braddish Avenue,1088,7,14,1057,2,1,1,0,8,1016,11,17,947,3,2,0,4,31,Baltimore City,-72,4,3,-110,2,1,-1,4,24,-6.6,61.4,22.5,-10.4,103.1,223.3,-100,5526.7,317.2,1,97,1,2,93,1,Majority Black,Majority Black,No,red,green,green,red,green,green,red,green,green,17,947,11,"1,016"
park circle,Park Circle,3527,43,59,3358,10,8,1,3,45,2845,57,127,2558,11,9,3,7,73,Baltimore City,-682,14,67,-800,1,1,2,5,28,-19.3,32.3,113.8,-23.8,9.1,9.9,285.8,152.9,63,2,95,1,4,90,2,Majority Black,Majority Black,No,red,green,green,red,green,green,green,green,green,127,"2,558",57,"2,845"
parklane,Parklane,1705,15,37,1617,11,5,0,0,20,1411,37,48,1289,3,2,1,5,26,Baltimore City,-293,22,11,-328,-8,-3,1,4,6,-17.2,151.5,30.8,-20.3,-71.4,-61.4,67060.2,1097.4,32.5,2,95,1,3,91,3,Majority Black,Majority Black,No,red,green,green,red,red,red,green,green,green,48,"1,289",37,"1,411"
parkside,Parkside,1726,22,150,1439,6,79,0,1,29,1581,37,79,1396,2,24,0,6,37,Baltimore City,-145,15,-71,-43,-3,-55,0,4,8,-8.4,68.4,-47.4,-3,-57.9,-70.2,0.7,280.8,29.4,9,83,1,5,88,2,Majority Black,Majority Black,No,red,green,red,red,red,red,green,green,green,79,"1,396",37,"1,581"
parkview/woodbrook,Parkview/Woodbrook,214,3,5,201,0,0,0,0,4,173,4,8,154,0,1,0,1,5,Baltimore City,-41,1,3,-47,0,1,-0,0,1,-19,35.7,75.7,-23.3,106.5,191.2,-48,72.7,17.6,2,94,1,5,89,2,Majority Black,Majority Black,No,red,green,green,red,green,green,red,green,green,8,154,4,173
patterson park,Patterson Park,2409,248,1915,141,5,65,0,4,31,2514,206,1986,103,2,106,0,11,100,Baltimore City,106,-41,71,-38,-3,41,0,7,69,4.4,-16.7,3.7,-26.7,-58.5,62.1,NA,187.6,221.8,79,6,10,79,4,8,Majority White,Majortiy White,Yes,green,red,green,red,red,green,NA,green,green,"1,986",103,206,"2,514"
patterson park neighborhood,Patterson Park Neighborhood,4966,1142,1627,1960,48,86,2,6,94,4750,1362,1691,1360,21,116,1,20,179,Baltimore City,-216,220,63,-601,-27,30,-1,14,86,-4.3,19.3,3.9,-30.6,-55.8,34.4,-73.4,232.5,91.3,33,39,23,36,29,29,Majority Minority,Majority Minority,No,red,green,green,red,red,green,red,green,green,"1,691","1,360","1,362","4,750"
patterson place,Patterson Place,1096,173,338,528,11,25,1,1,20,1144,234,386,426,5,41,0,6,47,Baltimore City,48,61,48,-103,-6,17,-1,5,27,4.4,35.5,14.2,-19.4,-58,67,-100,499.9,135.9,31,48,16,34,37,20,Majority Minority,Majority Minority,No,green,green,green,red,red,green,red,green,green,386,426,234,"1,144"
pen lucy,Pen Lucy,2526,37,186,2240,9,18,1,3,32,2195,37,211,1838,3,11,0,9,86,Baltimore City,-331,0,25,-403,-6,-7,-1,6,53,-13.1,0.5,13.5,-18,-64.1,-36.6,-100,192.9,165.8,7,89,1,10,84,2,Majority Black,Majority Black,No,red,green,green,red,red,red,red,green,green,211,"1,838",37,"2,195"
penn north,Penn North,2069,19,38,1973,3,4,0,3,30,1679,46,117,1431,0,26,0,8,52,Baltimore City,-390,27,79,-542,-3,22,-0,4,22,-18.9,144.9,207,-27.5,-90,626.9,-67.1,136.1,76.1,2,95,1,7,85,3,Majority Black,Majority Black,No,red,green,green,red,red,green,red,green,green,117,"1,431",46,"1,679"
penn-fallsway,Penn-Fallsway,5735,86,781,4794,5,31,1,22,15,2489,71,246,2139,3,6,0,3,21,Baltimore City,-3247,-15,-535,-2656,-1,-25,-1,-20,6,-56.6,-17.5,-68.5,-55.4,-24.6,-81.4,-100,-87.9,38.3,14,84,2,10,86,3,Majority Black,Majority Black,No,red,red,red,red,red,red,red,red,green,246,"2,139",71,"2,489"
penrose/fayette street outreach,Penrose/Fayette Street Outreach,3537,28,48,3401,11,6,1,2,38,2591,51,46,2399,3,9,2,11,72,Baltimore City,-946,23,-2,-1003,-9,3,1,8,33,-26.7,81,-4.9,-29.5,-75.2,43.8,99.1,333.4,86.1,1,96,1,2,93,2,Majority Black,Majority Black,No,red,green,red,red,red,green,green,green,green,46,"2,399",51,"2,591"
perkins homes,Perkins Homes,688,49,78,528,5,19,0,0,9,468,63,68,305,3,11,0,2,16,Baltimore City,-221,14,-11,-222,-2,-8,0,2,6,-32,28.2,-13.8,-42.1,-45.5,-43.4,Inf,Inf,66.7,11,77,7,14,65,14,Majority Black,Majority Black,No,red,green,red,red,red,red,green,green,green,68,305,63,468
perring loch,Perring Loch,2377,29,135,2166,5,9,0,4,28,1897,27,95,1648,2,68,1,7,48,Baltimore City,-480,-1,-40,-518,-3,60,1,3,20,-20.2,-5.2,-29.9,-23.9,-60,705.8,Inf,55.6,71.4,6,91,1,5,87,1,Majority Black,Majority Black,No,red,red,red,red,red,green,green,green,green,95,"1,648",27,"1,897"
pimlico good neighbors,Pimlico Good Neighbors,2431,32,161,2192,5,7,0,6,28,1986,67,137,1701,5,12,0,10,54,Baltimore City,-446,35,-25,-492,1,5,0,4,26,-18.3,110.9,-15.3,-22.4,11.2,66.5,Inf,67.4,92.2,7,90,1,7,86,3,Majority Black,Majority Black,No,red,green,red,red,green,green,green,green,green,137,"1,701",67,"1,986"
pleasant view gardens,Pleasant View Gardens,458,13,34,390,1,15,0,1,5,254,7,10,225,0,2,0,1,9,Baltimore City,-204,-6,-24,-165,-0,-13,-0,-0,4,-44.5,-45.9,-69.7,-42.4,-94.4,-87.1,-100,-9.2,79.7,7,85,3,4,88,3,Majority Black,Majority Black,No,red,red,red,red,red,red,red,red,green,10,225,7,254
poppleton,Poppleton,2600,25,63,2475,7,4,0,1,26,2416,47,55,2187,4,4,0,29,90,Baltimore City,-184,22,-8,-288,-2,0,-0,28,65,-7.1,87.8,-12.7,-11.6,-37.6,4.7,-44.4,3271.8,252.9,2,95,1,2,91,2,Majority Black,Majority Black,No,red,green,red,red,red,green,red,green,green,55,"2,187",47,"2,416"
port covington,Port Covington,1194,37,1058,44,2,31,0,1,20,1425,80,1149,82,2,44,0,4,65,Baltimore City,231,43,91,38,-1,12,0,3,45,19.4,114.4,8.6,87.4,-29.2,39.7,0,457,221.2,89,4,3,81,6,6,Majority White,Majortiy White,Yes,green,green,green,green,red,green,red,green,green,"1,149",82,80,"1,425"
pulaski industrial area,Pulaski Industrial Area,5168,881,1556,2467,24,117,3,21,101,5760,1933,1033,2444,16,154,0,33,147,Baltimore City,592,1052,-523,-23,-8,37,-2,13,46,11.4,119.5,-33.6,-0.9,-33.4,31.6,-97,61,45.9,30,48,17,18,42,34,Majority Minority,Majority Minority,No,green,green,red,red,red,green,red,green,green,"1,033","2,444","1,933","5,760"
purnell,Purnell,130,2,10,115,0,1,0,0,1,117,4,13,93,0,2,0,1,4,Baltimore City,-13,2,3,-22,-0,1,0,0,3,-10.1,83.4,26.6,-18.9,-27.3,157.6,NA,22.6,197.2,8,88,2,11,79,4,Majority Black,Majority Black,No,red,green,green,red,red,green,NA,green,green,13,93,4,117
radnor-winston,Radnor-Winston,420,12,225,154,0,21,0,0,8,524,38,214,157,0,86,0,2,26,Baltimore City,104,26,-11,3,-0,65,0,2,19,24.8,213.6,-4.7,1.9,-12.3,305,Inf,1038.7,243.1,54,37,3,41,30,7,Majority Minority,Majortiy White,Yes,green,green,red,green,red,green,green,green,green,214,157,38,524
ramblewood,Ramblewood,1832,30,70,1681,2,12,1,1,35,1706,50,51,1532,3,12,0,9,48,Baltimore City,-127,21,-19,-149,1,0,-1,8,13,-6.9,69.1,-26.7,-8.9,50,3.1,-100,733.1,36.9,4,92,2,3,90,3,Majority Black,Majority Black,No,red,green,red,red,green,green,red,green,green,51,"1,532",50,"1,706"
reisterstown station,Reisterstown Station,2595,92,102,2332,8,23,1,1,36,2352,260,99,1884,8,23,0,9,67,Baltimore City,-243,168,-3,-448,1,0,-1,8,31,-9.4,182.6,-3,-19.2,12.5,1.6,-84.2,750.2,88,4,90,4,4,80,11,Majority Black,Majority Black,No,red,green,red,red,green,green,red,green,green,99,"1,884",260,"2,352"
remington,Remington,1584,70,941,378,5,133,0,7,51,1708,150,1017,193,3,269,0,10,65,Baltimore City,123,80,77,-185,-2,136,0,3,14,7.8,113.3,8.2,-48.9,-38.2,102.9,207.2,47.5,28,59,24,4,60,11,9,Majority White,Majortiy White,Yes,green,green,green,red,red,green,green,green,green,"1,017",193,150,"1,708"
reservoir hill,Reservoir Hill,5960,103,485,5217,27,22,0,6,100,5099,137,615,4008,22,59,2,36,219,Baltimore City,-861,35,130,-1208,-5,37,2,30,119,-14.4,33.7,26.9,-23.2,-20,165.3,4468339.6,487.3,119,8,88,2,12,79,3,Majority Black,Majority Black,No,red,green,green,red,red,green,green,green,green,615,"4,008",137,"5,099"
richnor springs,Richnor Springs,374,4,10,352,2,1,0,0,5,353,10,12,318,1,0,0,2,9,Baltimore City,-21,6,1,-34,-1,-1,0,2,4,-5.7,133.4,14.5,-9.5,-42.8,-85.9,NA,399.5,89.7,3,94,1,3,90,3,Majority Black,Majority Black,No,red,green,green,red,red,red,NA,green,green,12,318,10,353
ridgely's delight,Ridgely's Delight,442,14,326,65,1,26,1,1,8,550,31,367,76,0,46,0,4,25,Baltimore City,108,17,41,12,-1,20,-1,3,16,24.4,123.8,12.5,18.2,-66.5,79.3,-99.8,218.1,199.5,74,15,3,67,14,6,Majority White,Majortiy White,Yes,green,green,green,green,red,green,red,green,green,367,76,31,550
riverside,Riverside,3689,110,3278,116,3,126,1,4,52,4215,204,3467,159,1,202,0,7,174,Baltimore City,525,94,189,43,-2,77,-1,3,122,14.2,85.7,5.8,36.8,-67.2,61,-97.3,68.9,232.7,89,3,3,82,4,5,Majority White,Majortiy White,Yes,green,green,green,green,red,green,red,green,green,"3,467",159,204,"4,215"
rognel heights,Rognel Heights,1172,16,43,1095,2,3,0,1,12,1094,26,42,993,2,3,0,4,27,Baltimore City,-78,10,-2,-102,-0,-1,-0,3,15,-6.7,59.6,-4,-9.3,-20,-16.8,-83.2,292.2,122,4,93,1,4,91,2,Majority Black,Majority Black,No,red,green,red,red,red,red,red,green,green,42,993,26,"1,094"
roland park,Roland Park,5130,153,4004,400,6,457,1,7,101,5164,209,3750,434,2,513,0,36,219,Baltimore City,34,56,-254,34,-4,56,-0,28,118,0.7,36.7,-6.3,8.5,-68.8,12.3,-50.8,375,116.4,78,8,3,73,8,4,Majority White,Majortiy White,Yes,green,green,red,green,red,green,red,green,green,"3,750",434,209,"5,164"
rosebank,Rosebank,300,7,232,44,1,10,0,1,6,300,13,216,45,0,10,0,2,13,Baltimore City,-1,6,-16,1,-0,1,-0,1,8,-0.2,74.7,-6.8,2.1,-53.2,7.8,-50,132.8,132.8,77,15,2,72,15,4,Majority White,Majortiy White,Yes,red,green,red,green,red,green,red,green,green,216,45,13,300
rosemont,Rosemont,2516,21,15,2432,4,2,0,3,39,1936,29,23,1808,2,2,0,4,67,Baltimore City,-580,8,8,-624,-2,0,-0,2,28,-23.1,37.5,53.9,-25.6,-52.2,0,-100,71,72.7,1,97,1,1,93,2,Majority Black,Majority Black,No,red,green,green,red,red,red,red,green,green,23,"1,808",29,"1,936"
rosemont east,Rosemont East,1850,53,810,901,9,27,2,1,48,1870,81,617,1038,8,16,1,22,87,Baltimore City,19,29,-193,137,-1,-11,-1,21,39,1,54.8,-23.8,15.2,-9.3,-42.1,-59.8,2384.2,82.3,44,49,3,33,55,4,Majority Black,Majority Minority,Yes,green,green,red,green,red,red,red,green,green,617,"1,038",81,"1,870"
rosemont homeowners/tenants,Rosemont Homeowners/Tenants,759,8,4,735,2,1,0,1,9,617,13,6,582,1,1,0,2,12,Baltimore City,-142,5,1,-153,-0,-0,0,2,3,-18.7,60.8,33.9,-20.8,-11.8,-29.6,100,239.1,38,1,97,1,1,94,2,Majority Black,Majority Black,No,red,green,green,red,red,red,green,green,green,6,582,13,617
sabina-mattfeldt,Sabina-Mattfeldt,334,9,268,34,0,14,0,1,8,373,13,279,47,0,13,0,4,17,Baltimore City,39,4,11,13,-0,-1,-0,4,9,11.8,39.6,4,37.7,-16.4,-3.9,-100,679.6,119.1,80,10,3,75,13,3,Majority White,Majortiy White,Yes,green,green,green,green,red,red,red,green,green,279,47,13,373
saint agnes,Saint Agnes,382,9,171,186,2,5,0,0,8,345,18,120,180,1,8,0,1,18,Baltimore City,-36,9,-51,-6,-1,3,-0,0,10,-9.5,95.7,-30,-3.2,-43.2,65.8,-70.1,81.3,121.4,45,49,2,35,52,5,Majority Black,Majority Minority,Yes,red,green,red,red,red,green,red,green,green,120,180,18,345
saint helena,Saint Helena,71,15,40,12,1,1,0,0,2,75,33,26,12,0,1,0,0,3,Baltimore City,4,18,-14,0,-1,-1,-0,0,1,5.9,122.4,-35.3,2,-57.4,-36.4,-100,210,53.2,57,16,21,35,16,44,Majority Minority,Majortiy White,Yes,green,green,red,green,red,red,red,green,green,26,12,33,75
saint josephs,Saint Josephs,1702,16,30,1616,3,4,0,2,31,1273,45,28,1152,2,7,0,6,33,Baltimore City,-429,29,-2,-464,-1,2,0,4,2,-25.2,182.5,-5.7,-28.7,-36,49,4299,217.9,6.2,2,95,1,2,91,4,Majority Black,Majority Black,No,red,green,red,red,red,green,green,green,green,28,"1,152",45,"1,273"
saint paul,Saint Paul,592,29,407,111,4,21,0,1,18,537,72,253,162,2,14,0,2,31,Baltimore City,-55,43,-154,51,-2,-6,0,2,12,-9.3,145.8,-37.8,45.7,-42.9,-30.3,NA,204.8,65.3,69,19,5,47,30,13,Majority Minority,Majortiy White,Yes,red,green,red,green,red,red,NA,green,green,253,162,72,537
sandtown-winchester,Sandtown-Winchester,7553,54,83,7304,7,22,0,5,78,5450,102,96,5058,5,25,2,27,134,Baltimore City,-2103,49,13,-2246,-2,3,2,22,56,-27.8,91.1,16,-30.7,-25,13.8,86999.9,426.2,71.5,1,97,1,2,93,2,Majority Black,Majority Black,No,red,green,green,red,red,green,green,green,green,96,"5,058",102,"5,450"
seton business park,Seton Business Park,1735,27,25,1649,7,4,0,2,21,1556,58,33,1403,3,6,1,8,42,Baltimore City,-179,31,8,-246,-3,2,1,6,21,-10.3,112.6,33.6,-14.9,-47.8,61.5,Inf,263.2,101.3,1,95,2,2,90,4,Majority Black,Majority Black,No,red,green,green,red,red,green,green,green,green,33,"1,403",58,"1,556"
seton hill,Seton Hill,1096,29,211,808,4,21,0,1,23,1040,46,229,676,1,25,0,3,60,Baltimore City,-56,17,18,-131,-3,5,0,3,36,-5.1,59.5,8.4,-16.3,-83.3,23.3,Inf,400,155.9,19,74,3,22,65,4,Majority Black,Majority Black,No,red,green,green,red,red,green,green,green,green,229,676,46,"1,040"
sharp-leadenhall,Sharp-Leadenhall,1034,33,623,333,5,24,0,1,15,1283,58,781,339,2,45,1,4,53,Baltimore City,249,25,158,6,-3,20,1,3,39,24.1,74.8,25.4,1.8,-55.5,82.5,11575.3,588.6,260.1,60,32,3,61,26,5,Majority White,Majortiy White,Yes,green,green,green,green,red,green,green,green,green,781,339,58,"1,283"
shipley hill,Shipley Hill,1905,9,47,1818,4,4,1,0,21,1289,47,43,1154,7,1,0,3,35,Baltimore City,-616,38,-4,-664,3,-3,-1,3,13,-32.3,416.3,-7.8,-36.5,68.5,-72.3,-72.5,611.2,61.7,2,95,0,3,89,4,Majority Black,Majority Black,No,red,green,red,red,green,red,red,green,green,43,"1,154",47,"1,289"
south baltimore,South Baltimore,1808,62,1499,173,2,41,0,3,28,1940,98,1507,174,2,66,0,9,83,Baltimore City,132,36,8,1,0,26,0,7,55,7.3,58.1,0.5,0.5,15.9,62.5,152,235.7,197.6,83,10,3,78,9,5,Majority White,Majortiy White,Yes,green,green,green,green,green,green,green,green,green,"1,507",174,98,"1,940"
south clifton park,South Clifton Park,903,7,7,874,2,3,0,0,10,696,14,16,629,1,0,0,6,30,Baltimore City,-207,7,9,-245,-2,-3,0,6,20,-23,108.8,124.5,-28,-61.3,-89.2,3786.9,1235.3,205.7,1,97,1,2,90,2,Majority Black,Majority Black,No,red,green,green,red,red,red,green,green,green,16,629,14,696
spring garden industrial area,Spring Garden Industrial Area,874,30,668,137,3,19,0,1,16,1186,60,854,173,2,44,1,4,48,Baltimore City,312,30,186,37,-1,25,0,3,32,35.7,98,27.9,26.8,-44.3,132.2,33,521.5,204.8,76,16,3,72,15,5,Majority White,Majortiy White,Yes,green,green,green,green,red,green,green,green,green,854,173,60,"1,186"
stadium area,Stadium Area,1051,33,639,299,3,50,1,4,22,1222,73,679,319,3,86,0,9,54,Baltimore City,170,40,40,20,-0,35,-1,5,32,16.2,121.1,6.2,6.6,-12.5,70.2,-63.7,138.8,144.2,61,28,3,56,26,6,Majority White,Majortiy White,Yes,green,green,green,green,red,green,red,green,green,679,319,73,"1,222"
stonewood-pentwood-winston,Stonewood-Pentwood-Winston,1014,13,59,923,2,4,0,2,12,813,12,45,697,1,33,0,3,21,Baltimore City,-201,-0,-14,-225,-1,29,0,1,9,-19.8,-3.9,-23.4,-24.4,-60.1,769.2,1850.8,59.8,73.6,6,91,1,6,86,2,Majority Black,Majority Black,No,red,red,red,red,red,green,green,green,green,45,697,12,813
taylor heights,Taylor Heights,929,37,577,288,3,9,0,2,13,893,53,400,379,1,18,1,4,37,Baltimore City,-36,16,-177,91,-2,9,1,2,24,-3.9,41.6,-30.7,31.8,-61.5,100,400,122.2,190,62,31,4,45,42,6,Majority Minority,Majortiy White,Yes,red,green,red,green,red,green,green,green,green,400,379,53,893
ten hills,Ten Hills,2391,35,598,1676,6,24,4,5,43,2272,98,513,1521,6,30,1,13,90,Baltimore City,-119,63,-84,-155,0,6,-3,8,47,-5,181,-14.1,-9.3,8.1,23.6,-75,146.8,108.2,25,70,1,23,67,4,Majority Black,Majority Black,No,red,green,red,red,green,green,red,green,green,513,"1,521",98,"2,272"
the orchards,The Orchards,904,23,735,93,2,32,0,2,17,906,41,685,101,1,33,0,5,40,Baltimore City,2,18,-50,8,-1,1,0,3,23,0.2,77.3,-6.8,9,-49.9,4,NA,136.5,132.6,81,10,3,76,11,4,Majority White,Majortiy White,Yes,green,green,red,green,red,green,NA,green,green,685,101,41,906
towanda-grantley,Towanda-Grantley,1724,14,16,1670,4,2,0,1,17,1381,37,41,1249,4,2,1,7,42,Baltimore City,-343,23,25,-421,-0,-0,0,6,25,-19.9,159.3,159.4,-25.2,-5.5,-16.2,48.6,511.1,148.3,1,97,1,3,90,3,Majority Black,Majority Black,No,red,green,green,red,red,red,green,green,green,41,"1,249",37,"1,381"
tremont,Tremont,253,4,63,178,1,3,0,1,5,241,10,54,161,1,3,0,1,10,Baltimore City,-12,7,-9,-16,0,1,-0,1,5,-4.9,179.9,-14,-9.2,7.3,24.4,-75,147.8,108,25,70,1,22,67,4,Majority Black,Majority Black,No,red,green,red,red,green,green,red,green,green,54,161,10,241
tuscany-canterbury,Tuscany-Canterbury,1738,61,1202,127,1,310,1,5,31,1771,83,992,131,0,456,0,12,97,Baltimore City,33,22,-209,3,-1,146,-1,7,66,1.9,36.6,-17.4,2.6,-100,47.1,-100,128.8,213.8,69,7,3,56,7,5,Majority White,Majortiy White,Yes,green,green,red,green,red,green,red,green,green,992,131,83,"1,771"
union square,Union Square,1238,96,359,704,12,24,0,1,40,1022,137,247,570,4,13,1,4,46,Baltimore City,-217,40,-113,-134,-8,-11,1,3,6,-17.5,41.9,-31.3,-19.1,-67.2,-46,394.9,233.2,14.6,29,57,8,24,56,13,Majority Black,Majority Black,No,red,green,red,red,red,red,green,green,green,247,570,137,"1,022"
university of maryland,University Of Maryland,760,19,336,218,3,151,0,1,32,1004,66,361,369,0,162,2,14,30,Baltimore City,245,47,25,151,-3,11,2,13,-2,32.2,243.4,7.5,69.4,-99.2,7,17854.4,1440.4,-6,44,29,3,36,37,7,Majority Minority,Majority Minority,No,green,green,green,green,red,green,green,green,red,361,369,66,"1,004"
uplands,Uplands,1369,11,68,1268,5,4,0,1,12,1634,33,75,1431,5,20,0,10,60,Baltimore City,264,21,7,163,-1,16,-0,9,49,19.3,184,10.4,12.9,-11.1,368,-63.9,1482.6,423.8,5,93,1,5,88,2,Majority Black,Majority Black,No,green,green,green,green,red,green,red,green,green,75,"1,431",33,"1,634"
upper fells point,Upper Fells Point,3550,677,2287,345,17,147,2,7,69,3649,619,2336,278,4,213,1,16,182,Baltimore City,99,-58,50,-68,-12,66,-2,10,113,2.8,-8.5,2.2,-19.6,-73.5,44.7,-75.4,141.8,164.7,64,10,19,64,8,17,Majority White,Majortiy White,Yes,green,red,green,red,red,green,red,green,green,"2,336",278,619,"3,649"
upton,Upton,5081,72,185,4711,13,27,2,4,68,4314,92,224,3790,13,27,5,26,137,Baltimore City,-768,20,39,-921,0,0,3,22,69,-15.1,28.3,21.3,-19.6,0.1,0.5,137.3,494.9,101.4,4,93,1,5,88,2,Majority Black,Majority Black,No,red,green,green,red,green,green,green,green,green,224,"3,790",92,"4,314"
villages of homeland,Villages Of Homeland,166,5,92,57,0,9,0,0,3,209,16,88,59,0,35,0,1,11,Baltimore City,43,11,-4,2,0,27,0,1,8,26,214.8,-4.8,3.1,0,305.6,Inf,1100,247.4,55,34,3,42,28,7,Majority Minority,Majortiy White,Yes,green,green,red,green,red,green,green,green,green,88,59,16,209
violetville,Violetville,2376,80,1672,521,8,41,1,3,50,2212,145,1155,705,6,65,1,9,127,Baltimore City,-164,65,-517,184,-2,24,-1,6,77,-6.9,81.6,-30.9,35.2,-23.1,58.6,-50,200,152.3,70,22,3,52,32,7,Majority White,Majortiy White,Yes,red,green,red,green,red,green,red,green,green,"1,155",705,145,"2,212"
wakefield,Wakefield,916,17,73,806,2,4,0,3,10,824,32,93,654,2,11,0,4,29,Baltimore City,-93,14,20,-152,-1,7,0,1,19,-10.1,83.3,26.7,-18.9,-27.3,157.7,NA,21.4,197.4,8,88,2,11,79,4,Majority Black,Majority Black,No,red,green,green,red,red,green,NA,green,green,93,654,32,824
walbrook,Walbrook,2455,18,30,2377,4,2,1,0,23,2255,24,40,2104,7,4,0,9,67,Baltimore City,-200,6,10,-273,3,3,-1,9,44,-8.1,34.5,33.9,-11.5,86.8,146.1,-100,3197.3,189.1,1,97,1,2,93,1,Majority Black,Majority Black,No,red,green,green,red,green,green,red,green,green,40,"2,104",24,"2,255"
waltherson,Waltherson,6761,133,2027,4352,21,59,1,19,149,6277,229,1397,4296,20,75,1,45,215,Baltimore City,-484,96,-631,-56,-2,15,0,27,66,-7.2,72.6,-31.1,-1.3,-7.9,26,16.2,144.2,44.2,30,64,2,22,68,4,Majority Black,Majority Black,No,red,green,red,red,red,green,green,green,green,"1,397","4,296",229,"6,277"
washington hill,Washington Hill,2628,302,565,1610,17,93,1,1,39,2278,380,621,1040,9,122,1,16,89,Baltimore City,-351,77,56,-570,-7,28,0,15,50,-13.4,25.6,9.9,-35.4,-43.7,30.6,18,1341.5,126.3,21,61,12,27,46,17,Majority Minority,Majority Black,Yes,red,green,green,red,red,green,green,green,green,621,"1,040",380,"2,278"
washington village/pigtown,Washington Village/Pigtown,1278,46,498,626,4,68,0,5,32,1198,71,358,619,3,75,0,9,61,Baltimore City,-81,26,-140,-6,-1,7,0,4,29,-6.3,56.2,-28.1,-1,-21.1,10.7,99,84.7,91.2,39,49,4,30,52,6,Majority Black,Majority Minority,Yes,red,green,red,red,red,green,green,green,green,358,619,71,"1,198"
waverly,Waverly,2209,42,375,1701,6,41,1,4,39,2041,69,442,1392,4,38,1,8,88,Baltimore City,-168,26,67,-309,-2,-3,0,4,49,-7.6,62.1,17.7,-18.1,-39.9,-6.7,6.8,111.1,125.8,17,77,2,22,68,3,Majority Black,Majority Black,No,red,green,green,red,red,red,green,green,green,442,"1,392",69,"2,041"
west arlington,West Arlington,1631,19,26,1557,6,4,0,2,17,1456,50,40,1313,4,7,1,6,36,Baltimore City,-175,30,14,-245,-2,3,1,4,19,-10.7,157.5,52.2,-15.7,-30.5,86.6,Inf,203,116.7,2,95,1,3,90,3,Majority Black,Majority Black,No,red,green,green,red,red,green,green,green,green,40,"1,313",50,"1,456"
west forest park,West Forest Park,2137,20,87,1994,3,5,0,4,24,1971,44,76,1755,2,10,0,20,63,Baltimore City,-166,24,-11,-239,-1,6,0,17,39,-7.8,123.3,-12.3,-12,-40.6,123.8,NA,462.5,160.2,4,93,1,4,89,2,Majority Black,Majority Black,No,red,green,red,red,red,green,NA,green,green,76,"1,755",44,"1,971"
west hills,West Hills,1890,22,266,1561,2,12,1,3,24,1799,50,229,1429,3,15,0,9,65,Baltimore City,-91,28,-37,-132,1,3,-1,6,41,-4.8,123.2,-13.9,-8.5,62.7,22.8,-96.9,236.3,168.9,14,83,1,13,79,3,Majority Black,Majority Black,No,red,green,red,red,green,green,red,green,green,229,"1,429",50,"1,799"
westfield,Westfield,3133,89,1226,1677,15,42,3,2,80,3132,134,935,1856,12,25,1,29,139,Baltimore City,-1,46,-292,180,-3,-17,-2,28,60,-0,51.8,-23.8,10.7,-18.4,-41,-59.8,1556.7,74.4,39,54,3,30,59,4,Majority Black,Majority Black,No,red,green,red,green,red,red,red,green,green,935,"1,856",134,"3,132"
westgate,Westgate,2382,35,596,1669,6,24,4,5,43,2263,98,512,1514,6,30,1,13,90,Baltimore City,-119,63,-84,-156,0,6,-3,8,46,-5,180.4,-14.1,-9.3,7.9,23.8,-75,147.1,107.5,25,70,1,23,67,4,Majority Black,Majority Black,No,red,green,red,red,green,green,red,green,green,512,"1,514",98,"2,263"
westport,Westport,1653,23,136,1445,7,7,0,3,31,1394,64,99,1150,6,8,0,12,56,Baltimore City,-258,40,-36,-295,-1,1,0,9,25,-15.6,173.3,-26.9,-20.4,-18.1,11.2,58.6,259.3,78.6,8,87,1,7,82,5,Majority Black,Majority Black,No,red,green,red,red,red,green,green,green,green,99,"1,150",64,"1,394"
wilhelm park,Wilhelm Park,1243,59,890,217,8,34,1,4,29,1252,185,606,341,2,53,0,12,54,Baltimore City,10,125,-284,124,-6,19,-1,7,25,0.8,211.6,-31.9,56.8,-73.9,57.2,-99.6,167.2,87.8,72,17,5,48,27,15,Majority Minority,Majortiy White,Yes,green,green,red,green,red,green,red,green,green,606,341,185,"1,252"
wilson park,Wilson Park,1105,16,31,1036,1,3,0,1,16,977,18,40,871,1,3,0,7,37,Baltimore City,-127,2,9,-164,-0,-0,-0,5,21,-11.5,15.1,30,-15.9,-33.4,-8.6,-100,366.4,130.3,3,94,1,4,89,2,Majority Black,Majority Black,No,red,green,green,red,red,red,red,green,green,40,871,18,977
winchester,Winchester,1264,10,7,1223,2,1,0,1,19,963,15,11,899,1,1,0,2,34,Baltimore City,-301,5,3,-324,-1,-0,0,1,15,-23.8,45.5,46.6,-26.5,-59,-2.1,NA,53,80.6,1,97,1,1,93,2,Majority Black,Majority Black,No,red,green,green,red,red,red,NA,green,green,11,899,15,963
windsor hills,Windsor Hills,1386,14,38,1313,4,3,0,2,13,1276,25,47,1151,2,9,0,8,34,Baltimore City,-110,12,9,-162,-2,6,0,6,21,-7.9,85,24.9,-12.3,-58.8,238.5,Inf,378,160,3,95,1,4,90,2,Majority Black,Majority Black,No,red,green,green,red,red,green,green,green,green,47,"1,151",25,"1,276"
winston-govans,Winston-Govans,1268,15,34,1192,6,2,0,2,17,1197,35,39,1079,4,0,0,8,32,Baltimore City,-72,20,5,-113,-3,-2,0,6,15,-5.6,135.4,14.3,-9.5,-42.9,-87.5,NA,400,89.1,3,94,1,3,90,3,Majority Black,Majority Black,No,red,green,green,red,red,red,NA,green,green,39,"1,079",35,"1,197"
woodberry,Woodberry,1463,57,969,355,10,36,0,1,35,1295,68,880,233,10,41,0,6,57,Baltimore City,-168,11,-89,-122,0,5,0,5,22,-11.5,19.3,-9.2,-34.4,0.7,14.1,5941.5,410.8,62.6,66,24,4,68,18,5,Majority White,Majortiy White,Yes,red,green,red,red,green,green,green,green,green,880,233,68,"1,295"
woodbourne heights,Woodbourne Heights,1572,25,65,1438,2,10,1,1,30,1463,42,49,1309,3,11,0,8,42,Baltimore City,-109,17,-16,-129,1,1,-1,7,12,-7,65.7,-24.4,-9,31.3,5.5,-98.6,674,40.9,4,91,2,3,89,3,Majority Black,Majority Black,No,red,green,red,red,green,green,red,green,green,49,"1,309",42,"1,463"
woodbourne-mccabe,Woodbourne-Mccabe,842,10,23,791,4,2,0,1,11,794,23,26,716,2,0,0,5,21,Baltimore City,-47,13,3,-75,-2,-1,0,4,10,-5.6,135.4,14.3,-9.5,-42.9,-87.5,NA,400,89.1,3,94,1,3,90,3,Majority Black,Majority Black,No,red,green,green,red,red,red,NA,green,green,26,716,23,794
woodmere,Woodmere,2004,37,72,1848,4,10,0,2,30,1750,100,73,1500,5,17,1,5,50,Baltimore City,-254,63,0,-348,1,7,0,3,20,-12.7,172.2,0.6,-18.8,17.3,65.9,47.4,124.4,67.3,4,92,2,4,86,6,Majority Black,Majority Black,No,red,green,green,red,green,green,green,green,green,73,"1,500",100,"1,750"
wrenlane,Wrenlane,340,5,9,319,0,1,0,0,5,301,6,12,268,0,1,0,2,11,Baltimore City,-39,1,3,-50,-0,-0,0,2,6,-11.5,15.2,29.7,-15.8,-33.3,-14.3,NA,366.7,130.3,3,94,1,4,89,2,Majority Black,Majority Black,No,red,green,green,red,red,red,NA,green,green,12,268,6,301
wyman park,Wyman Park,1341,44,1104,97,3,66,0,1,26,1359,57,1023,104,2,109,0,6,59,Baltimore City,18,13,-81,7,-2,43,-0,5,33,1.4,30.2,-7.3,6.8,-49.4,64.9,-48.8,407.3,130,82,7,3,75,8,4,Majority White,Majortiy White,Yes,green,green,red,green,red,green,red,green,green,"1,023",104,57,"1,359"
wyndhurst,Wyndhurst,1030,25,823,93,2,67,0,2,19,1012,43,769,110,1,38,0,7,44,Baltimore City,-18,18,-54,17,-1,-29,0,5,24,-1.8,74.6,-6.5,18.4,-45.6,-43.1,Inf,270.4,127.5,80,9,2,76,11,4,Majority White,Majortiy White,Yes,red,green,red,green,red,red,green,green,green,769,110,43,"1,012"
yale heights,Yale Heights,1947,38,157,1688,7,18,1,7,30,1913,55,112,1657,0,30,0,7,52,Baltimore City,-34,16,-45,-31,-7,12,-1,0,22,-1.7,42.5,-28.5,-1.9,-99.6,66.7,-99.8,0.5,73.9,8,87,2,6,87,3,Majority Black,Majority Black,No,red,green,red,red,red,green,red,green,green,112,"1,657",55,"1,913"
york-homeland,York-Homeland,127,4,66,49,0,6,0,0,2,158,11,63,49,0,25,0,1,8,Baltimore City,30,8,-3,1,-0,19,0,1,6,23.9,212.6,-4.7,1.1,-18,304.6,Inf,996.6,239.8,52,38,3,40,31,7,Majority Minority,Majortiy White,Yes,green,green,red,green,red,green,green,green,green,63,49,11,158
arbutus/lansdowne,Arbutus/Lansdowne,35896,2255,25100,5434,71,2135,24,52,825,38383,4925,21151,6215,78,3763,8,213,2031,Baltimore County,2487,2669,-3949,781,7,1628,-16,161,1206,6.9,118.4,-15.7,14.4,9.9,76.2,-66.7,309.7,146.3,70,15,6,55,16,13,Majority White,Majortiy White,Yes,green,green,red,green,green,green,red,green,green,"21,151","6,215","4,925","38,383"
catonsville,Catonsville,35073,1241,24930,5661,89,2280,21,57,795,37965,2045,23874,6273,54,3709,15,201,1794,Baltimore County,2891,805,-1056,612,-35,1429,-6,144,999,8.2,64.9,-4.2,10.8,-39.3,62.7,-28.6,252.6,125.7,71,16,4,63,17,5,Majority White,Majortiy White,Yes,green,green,red,green,red,green,red,green,green,"23,874","6,273","2,045","37,965"
chase/bowleys quarters,Chase/Bowleys Quarters,18467,450,15335,2197,40,164,2,22,257,23140,1038,15494,4707,53,681,7,82,1077,Baltimore County,4673,588,160,2510,13,517,5,60,820,25.3,130.8,1,114.2,32.4,316,249.2,272.7,318.7,83,12,2,67,20,4,Majority White,Majortiy White,Yes,green,green,green,green,green,green,green,green,green,"15,494","4,707","1,038","23,140"
chestnut ridge,Chestnut Ridge,15869,267,14035,484,2,899,1,36,145,15788,468,12890,819,9,1103,0,57,442,Baltimore County,-80,201,-1144,335,7,203,-1,21,297,-0.5,75.6,-8.2,69.3,347,22.6,-99.7,58.4,204.7,88,3,2,82,5,3,Majority White,Majortiy White,Yes,red,green,red,green,green,green,red,green,green,"12,890",819,468,"15,788"
cockeysville/timonium,Cockeysville/Timonium,27103,1839,17396,3981,53,3139,3,67,625,29123,3551,15915,5166,51,3247,15,141,1037,Baltimore County,2020,1712,-1482,1186,-2,108,12,74,412,7.5,93.1,-8.5,29.8,-3.8,3.4,399.7,110.5,65.9,64,15,7,55,18,12,Majority White,Majortiy White,Yes,green,green,red,green,red,green,green,green,green,"15,915","5,166","3,551","29,123"
dundalk/turners station,Dundalk/Turners Station,35119,2293,28012,2982,285,598,9,25,914,38988,6968,23991,4713,250,827,17,184,2037,Baltimore County,3869,4675,-4020,1731,-35,229,8,159,1123,11,203.9,-14.4,58,-12.2,38.4,83.2,632.5,122.8,80,8,7,62,12,18,Majority White,Majortiy White,Yes,green,green,red,green,red,green,green,green,green,"23,991","4,713","6,968","38,988"
edgemere,Edgemere,11338,189,8489,2338,55,61,2,3,202,11654,476,8437,1985,35,89,2,28,602,Baltimore County,316,287,-52,-352,-20,28,0,25,400,2.8,152.1,-0.6,-15.1,-36.9,46.7,16.1,873.8,197.8,75,21,2,72,17,4,Majority White,Majortiy White,Yes,green,green,red,red,red,green,green,green,green,"8,437","1,985",476,"11,654"
essex,Essex,44498,2209,29132,11012,202,743,13,92,1097,45965,3588,24190,14256,222,890,16,311,2492,Baltimore County,1466,1379,-4942,3245,20,147,3,219,1396,3.3,62.4,-17,29.5,9.9,19.8,23.1,238.1,127.2,65,25,5,53,31,8,Majority White,Majortiy White,Yes,green,green,red,green,green,green,green,green,green,"24,190","14,256","3,588","45,965"
fork,Fork,6976,125,6584,67,10,110,1,5,74,7116,207,6403,77,1,133,3,21,271,Baltimore County,140,82,-181,10,-9,23,2,16,197,2,65.6,-2.8,15,-89.9,20.8,200.5,319.6,266.1,94,1,2,90,1,3,Majority White,Majortiy White,Yes,green,green,red,green,red,green,green,green,green,"6,403",77,207,"7,116"
fowblesburg,Fowblesburg,4641,139,4034,310,4,89,0,12,52,4683,227,3606,496,0,147,0,25,181,Baltimore County,42,88,-428,186,-4,58,-0,13,129,0.9,63.3,-10.6,59.9,-99.8,65.1,-81.4,108.5,247.7,87,7,3,77,11,5,Majority White,Majortiy White,Yes,green,green,red,green,red,green,red,green,green,"3,606",496,227,"4,683"
greenspring valley/pikesville,Greenspring Valley/Pikesville,42132,1207,30664,7133,32,2355,17,93,631,46354,2054,29433,10720,46,2266,16,328,1491,Baltimore County,4222,847,-1231,3587,14,-89,-1,235,859,10,70.2,-4,50.3,43.7,-3.8,-5.9,252.8,136.1,73,17,3,63,23,4,Majority White,Majortiy White,Yes,green,green,red,green,green,red,red,green,green,"29,433","10,720","2,054","46,354"
harrisonville,Harrisonville,5141,153,2916,1829,10,110,3,17,102,4789,195,2531,1687,17,120,1,33,204,Baltimore County,-352,42,-385,-142,7,10,-2,16,102,-6.8,27.4,-13.2,-7.7,70,9.2,-66.6,94.2,99.9,57,36,3,53,35,4,Majority White,Majortiy White,Yes,red,green,red,red,green,green,red,green,green,"2,531","1,687",195,"4,789"
hereford/maryland line,Hereford/Maryland Line,14553,250,13597,322,25,185,4,14,156,14621,393,13025,262,33,245,4,60,599,Baltimore County,68,143,-572,-60,8,60,0,46,443,0.5,57.2,-4.2,-18.6,32,32.4,0,328.6,283.9,93,2,2,89,2,3,Majority White,Majortiy White,Yes,green,green,red,red,green,green,green,green,green,"13,025",262,393,"14,621"
jacksonville,Jacksonville,10693,214,9992,103,14,241,2,22,105,11270,379,9982,132,12,290,0,47,428,Baltimore County,577,165,-10,29,-2,49,-2,25,323,5.4,77.1,-0.1,28.2,-14.3,20.3,-100,113.6,307.6,93,1,2,89,1,3,Majority White,Majortiy White,Yes,green,green,red,green,red,green,red,green,green,"9,982",132,379,"11,270"
kingsville,Kingsville,5303,86,5038,67,6,63,0,5,38,5264,172,4788,56,5,63,11,12,157,Baltimore County,-39,86,-250,-11,-1,-0,11,7,119,-0.7,100,-5,-16.4,-16.7,-0,680813694.8,140,313.2,95,1,2,91,1,3,Majority White,Majortiy White,Yes,red,green,red,red,red,red,green,green,green,"4,788",56,172,"5,264"
liberty/lochearn,Liberty/Lochearn,58720,2179,6395,47648,131,1053,16,116,1182,60276,3529,4576,48730,128,1121,11,332,1849,Baltimore County,1556,1350,-1819,1082,-3,67,-5,216,667,2.6,62,-28.4,2.3,-2.3,6.4,-31.2,186.2,56.4,11,81,4,8,81,6,Majority Black,Majority Black,No,green,green,red,green,red,green,red,green,green,"4,576","48,730","3,529","60,276"
lutherville,Lutherville,24829,674,21157,529,35,2056,20,29,329,26313,1105,20196,860,25,3012,12,92,1011,Baltimore County,1483,431,-961,330,-10,956,-8,63,682,6,63.9,-4.5,62.4,-28.6,46.5,-40,217.1,207.3,85,2,3,77,3,4,Majority White,Majortiy White,Yes,green,green,red,green,red,green,red,green,green,"20,196",860,"1,105","26,313"
middle river,Middle River,18905,1371,11473,4603,93,798,6,16,545,19516,1944,8866,6627,70,909,2,71,1028,Baltimore County,611,572,-2608,2024,-23,111,-4,55,483,3.2,41.7,-22.7,44,-24.7,13.9,-66.6,343.5,88.7,61,24,7,45,34,10,Majority Minority,Majortiy White,Yes,green,green,red,green,red,green,red,green,green,"8,866","6,627","1,944","19,516"
north point,North Point,25797,788,21877,1856,217,436,0,21,601,26209,2443,18051,3191,212,509,1,111,1690,Baltimore County,413,1655,-3826,1335,-5,73,1,90,1089,1.6,210,-17.5,71.9,-2.3,16.7,38904.3,428.6,181.2,85,7,3,69,12,9,Majority White,Majortiy White,Yes,green,green,red,green,red,green,green,green,green,"18,051","3,191","2,443","26,209"
overlea,Overlea,15806,508,8814,5812,48,307,10,23,284,16370,980,6799,7197,47,634,12,86,615,Baltimore County,564,472,-2015,1385,-1,327,2,63,331,3.6,92.9,-22.9,23.8,-2.1,106.6,20,273.8,116.6,56,37,3,42,44,6,Majority Minority,Majortiy White,Yes,green,green,red,green,red,green,green,green,green,"6,799","7,197",980,"16,370"
parkville,Parkville,33156,1011,24775,4930,74,1695,16,53,602,34015,1812,21063,7389,83,1918,8,191,1551,Baltimore County,859,801,-3712,2459,9,223,-8,138,949,2.6,79.2,-15,49.9,12.2,13.2,-50,260.4,157.6,75,15,3,62,22,5,Majority White,Majortiy White,Yes,green,green,red,green,green,green,red,green,green,"21,063","7,389","1,812","34,015"
perry hall/whitemarsh,Perry Hall/Whitemarsh,62504,1740,48096,6042,114,5344,9,87,1072,66076,2665,41502,10551,85,8288,16,254,2715,Baltimore County,3573,925,-6593,4509,-29,2943,7,167,1643,5.7,53.2,-13.7,74.6,-25.4,55.1,77.8,191.9,153.3,77,10,3,63,16,4,Majority White,Majortiy White,Yes,green,green,red,green,red,green,green,green,green,"41,502","10,551","2,665","66,076"
prettyboy,Prettyboy,4445,109,4174,62,7,41,0,3,49,4586,159,4144,69,4,40,0,35,135,Baltimore County,141,50,-30,7,-3,-1,-0,32,86,3.2,45.9,-0.7,11.3,-42.9,-2.4,-100,1065.9,175.5,94,1,2,90,2,3,Majority White,Majortiy White,Yes,green,green,red,green,red,red,red,green,green,"4,144",69,159,"4,586"
randallstown,Randallstown,48813,1453,8757,35192,105,2113,13,114,1066,52349,1846,6241,39927,62,2199,17,308,1750,Baltimore County,3536,393,-2516,4735,-43,86,4,194,684,7.2,27.1,-28.7,13.5,-41,4.1,30.7,170.2,64.2,18,72,3,12,76,4,Majority Black,Majority Black,No,green,green,red,green,red,green,green,green,green,"6,241","39,927","1,846","52,349"
reisterstown/owings mills,Reisterstown/Owings Mills,49828,4259,25684,15315,89,3043,28,123,1287,54812,7305,19501,21419,84,3829,12,384,2277,Baltimore County,4983,3047,-6183,6104,-5,786,-16,261,990,10,71.5,-24.1,39.9,-5.6,25.8,-57.1,212.1,76.9,52,31,9,36,39,13,Majority Minority,Majortiy White,Yes,green,green,red,green,red,green,red,green,green,"19,501","21,419","7,305","54,812"
rosedale,Rosedale,11067,651,8041,1781,45,364,0,22,163,11309,1190,6121,2599,33,839,2,55,471,Baltimore County,242,539,-1920,818,-12,475,2,33,308,2.2,82.7,-23.9,45.9,-26.7,130.4,102908.9,150,188.9,73,16,6,54,23,11,Majority White,Majortiy White,Yes,green,green,red,green,red,green,green,green,green,"6,121","2,599","1,190","11,309"
rossville,Rossville,16984,1089,8639,4862,59,1868,5,53,410,18191,1390,6685,7172,40,2073,5,114,712,Baltimore County,1206,301,-1954,2310,-19,205,-0,61,302,7.1,27.6,-22.6,47.5,-32.2,11,-0,115.1,73.7,51,29,6,37,39,8,Majority Minority,Majortiy White,Yes,green,green,red,green,red,green,red,green,green,"6,685","7,172","1,390","18,191"
ruxton,Ruxton,5388,79,4989,87,2,152,0,5,73,5537,199,4827,132,0,167,1,7,204,Baltimore County,149,120,-162,44,-2,15,1,2,131,2.8,151.7,-3.3,50.7,-99.7,9.8,96738.9,40.5,179.4,93,2,1,87,2,4,Majority White,Majortiy White,Yes,green,green,red,green,red,green,green,green,green,"4,827",132,199,"5,537"
security,Security,40019,2153,12751,20334,87,3645,8,118,923,42570,3353,10903,19804,82,6542,7,320,1559,Baltimore County,2551,1200,-1848,-530,-5,2897,-1,202,636,6.4,55.7,-14.5,-2.6,-5.7,79.5,-12.5,171.2,68.9,32,51,5,26,47,8,Majority Minority,Majority Black,Yes,green,green,red,red,red,green,red,green,green,"10,903","19,804","3,353","42,570"
sparks,Sparks,7778,157,6751,214,8,494,0,12,142,8270,253,6734,267,9,706,7,31,263,Baltimore County,492,96,-17,53,1,212,7,19,121,6.3,61.2,-0.3,24.8,12.5,42.9,33767145.6,158.3,85.2,87,3,2,81,3,3,Majority White,Majortiy White,Yes,green,green,red,green,green,green,green,green,green,"6,734",267,253,"8,270"
towson/loch raven,Towson/Loch Raven,68187,2597,46915,13742,95,3282,22,128,1406,73029,4630,41329,19241,112,4341,24,327,3025,Baltimore County,4842,2033,-5585,5499,17,1059,2,199,1619,7.1,78.3,-11.9,40,17.9,32.3,9.1,155.5,115.1,69,20,4,57,26,6,Majority White,Majortiy White,Yes,green,green,red,green,green,green,green,green,green,"41,329","19,241","4,630","73,029"
